timestamp,action,price,value,sentiment,tweetcount
2021-05-25 21:01:56,BUY,0.33866,10000.0,2.536363636363636,176
2021-05-25 21:02:48,SELL,0.33902,10010.630130514379,-19.75,780
2021-05-25 21:04:17,BUY,0.33841,10010.630130514379,198.64000000000001,2473
2021-05-25 21:10:22,SELL,0.33819,10004.122229953777,-19.75,780
2021-05-25 21:11:45,BUY,0.33793,10004.122229953777,2.536363636363636,176
2021-05-25 21:15:20,SELL,0.33865,10025.437200526281,-19.75,780
2021-05-25 21:17:00,BUY,0.33803,10025.437200526281,2.536363636363636,176
2021-05-25 21:19:55,SELL,0.3361,9968.196441430888,-19.75,780
2021-05-25 21:20:39,BUY,0.33706,9968.196441430888,2.536363636363636,176
2021-05-25 21:37:01,SELL,0.3415,10099.504790686075,-19.75,780
2021-05-25 21:37:30,BUY,0.3415,10099.504790686075,24.709999999999997,343
2021-05-25 21:48:08,SELL,0.34374,10165.750444364365,-19.75,780
2021-05-25 21:48:16,BUY,0.34374,10165.750444364365,2.536363636363636,176
2021-05-25 21:48:50,SELL,0.34374,10165.750444364365,-19.75,780
2021-05-25 21:49:15,BUY,0.34405,10165.750444364365,198.64000000000001,2473
2021-05-25 21:53:28,SELL,0.34445,10177.569366549353,-19.75,780
2021-05-25 21:53:45,BUY,0.34445,10177.569366549353,24.709999999999997,343
2021-05-25 21:58:02,SELL,0.34405,10165.750444364365,-19.75,780
2021-05-25 21:58:09,BUY,0.34405,10165.750444364365,198.64000000000001,2473
2021-05-25 21:59:39,SELL,0.34378,10157.772671889496,-19.75,780
2021-05-25 21:59:40,BUY,0.34378,10157.772671889496,24.709999999999997,343
2021-05-25 22:00:15,SELL,0.34478,10187.31997735197,-19.75,780
2021-05-25 22:00:20,BUY,0.34478,10187.31997735197,24.709999999999997,343
2021-05-25 22:00:35,SELL,0.34478,10187.31997735197,-19.75,780
2021-05-25 22:01:06,BUY,0.34465,10187.31997735197,198.64000000000001,2473
2021-05-25 22:06:02,SELL,0.34485,10193.23166745924,-19.75,780
2021-05-25 22:06:03,BUY,0.34485,10193.23166745924,198.64000000000001,2473
2021-05-25 22:18:04,SELL,0.34657,10244.072202381758,-19.75,780
2021-05-25 22:18:40,BUY,0.34657,10244.072202381758,24.709999999999997,343
2021-05-25 22:22:10,SELL,0.34641,10239.342850295941,-19.75,780
2021-05-25 22:22:34,BUY,0.34641,10239.342850295941,2.536363636363636,176
2021-05-25 22:23:24,SELL,0.34683,10251.757399521208,-19.75,780
2021-05-25 22:23:26,BUY,0.34683,10251.757399521208,198.64000000000001,2473
2021-05-25 22:25:02,SELL,0.34584,10222.494533490222,-19.75,780
2021-05-25 22:25:24,BUY,0.34584,10222.494533490222,198.64000000000001,2473
2021-05-25 22:25:31,SELL,0.34584,10222.494533490222,-19.75,780
2021-05-25 22:25:58,BUY,0.34584,10222.494533490222,2.536363636363636,176
2021-05-25 22:26:39,SELL,0.34562,10215.991674372226,-19.75,780
2021-05-25 22:27:24,BUY,0.34542,10215.991674372226,198.64000000000001,2473
2021-05-25 22:39:24,SELL,0.34866,10311.816505085464,-19.75,780
2021-05-25 22:40:14,BUY,0.34843,10311.816505085464,2.536363636363636,176
2021-05-25 22:48:19,SELL,0.35143,10400.601769027307,-19.75,780
2021-05-25 22:49:07,BUY,0.35108,10400.601769027307,2.536363636363636,176
2021-05-25 23:03:16,SELL,0.34786,10305.21058269864,-19.75,780
2021-05-25 23:04:15,BUY,0.348,10305.21058269864,198.64000000000001,2473
2021-05-25 23:05:23,SELL,0.34782,10299.880301362764,-19.75,780
2021-05-25 23:05:45,BUY,0.34782,10299.880301362764,198.64000000000001,2473
2021-05-25 23:26:40,SELL,0.3485,10320.016919742748,-19.75,780
2021-05-25 23:26:41,BUY,0.3485,10320.016919742748,198.64000000000001,2473
2021-05-25 23:33:09,SELL,0.34726,10283.297203873362,-19.75,780
2021-05-25 23:33:39,BUY,0.34726,10283.297203873362,198.64000000000001,2473
2021-05-25 23:36:02,SELL,0.34622,10252.50002282162,-19.75,780
2021-05-25 23:36:09,BUY,0.34622,10252.50002282162,198.64000000000001,2473
2021-05-25 23:42:37,SELL,0.34559,10233.844038146044,-19.75,780
2021-05-25 23:42:37,BUY,0.34559,10233.844038146044,24.709999999999997,343
2021-05-25 23:54:30,SELL,0.34368,10177.283830637554,-19.75,780
2021-05-25 23:54:55,BUY,0.34368,10177.283830637554,198.64000000000001,2473
2021-05-25 23:56:47,SELL,0.3442,10192.682421163427,-19.75,780
2021-05-25 23:57:37,BUY,0.34523,10192.682421163427,7.56,242
2021-05-26 22:19:39,SELL,0.34719,10250.55009646824,-19.75,780
2021-05-26 22:20:53,BUY,0.34726,10250.55009646824,42.765,2841
2021-05-26 22:32:26,SELL,0.34746,10256.453771004015,-19.75,780
2021-05-26 22:33:11,BUY,0.34741,10256.453771004015,7.4875,589
2021-05-26 22:48:15,SELL,0.34623,10221.617078192106,-19.75,780
2021-05-26 22:48:24,BUY,0.34623,10221.617078192106,7.4875,589
2021-05-26 23:01:42,SELL,0.34733,10254.091961321852,-19.75,780
2021-05-26 23:03:22,BUY,0.34589,10254.091961321852,3.24,152
2021-05-27 21:53:05,SELL,0.33826,10027.896576474399,-19.75,780
2021-05-27 21:54:52,BUY,0.33856,10027.896576474399,11.843333333333334,364
2021-05-27 22:25:29,SELL,0.33466,9912.38146350107,-4.46,436
2021-05-27 22:26:13,BUY,0.33496,9912.38146350107,20.85,824
2021-05-27 22:26:15,SELL,0.33496,9912.38146350107,-4.46,436
2021-05-27 22:26:54,BUY,0.33496,9912.38146350107,11.843333333333334,364
2021-05-27 22:26:57,SELL,0.33496,9912.38146350107,-4.46,436
2021-05-27 22:27:28,BUY,0.33559,9912.38146350107,11.843333333333334,364
2021-05-27 22:27:46,SELL,0.33559,9912.38146350107,-4.46,436
2021-05-27 22:28:01,BUY,0.33578,9912.38146350107,20.85,824
2021-05-27 22:28:14,SELL,0.33578,9912.38146350107,-4.46,436
2021-05-27 22:29:43,BUY,0.336,9912.38146350107,11.843333333333334,364
2021-05-27 22:30:02,SELL,0.33544,9895.860827728568,-4.46,436
2021-05-27 22:30:11,BUY,0.33544,9895.860827728568,20.85,824
2021-05-27 22:30:23,SELL,0.33544,9895.860827728568,-4.46,436
2021-05-27 22:31:20,BUY,0.33472,9895.860827728568,20.85,824
2021-05-27 22:31:29,SELL,0.33472,9895.860827728568,-4.46,436
2021-05-27 22:36:53,BUY,0.33306,9895.860827728568,20.85,824
2021-05-27 22:37:01,SELL,0.33284,9889.324199547158,-4.46,436
2021-05-27 22:38:21,BUY,0.33298,9889.324199547158,20.85,824
2021-05-27 22:38:36,SELL,0.33298,9889.324199547158,-4.46,436
2021-05-27 22:39:33,BUY,0.333,9889.324199547158,11.843333333333334,364
2021-05-27 22:39:41,SELL,0.333,9889.324199547158,-4.46,436
2021-05-27 22:39:44,BUY,0.333,9889.324199547158,20.85,824
2021-05-27 22:40:08,SELL,0.33266,9879.226991655729,-4.46,436
2021-05-27 22:43:47,BUY,0.33266,9879.226991655729,20.85,824
2021-05-27 22:43:59,SELL,0.33266,9879.226991655729,-4.46,436
2021-05-27 22:44:29,BUY,0.33281,9879.226991655729,11.843333333333334,364
2021-05-27 22:44:31,SELL,0.33281,9879.226991655729,-4.46,436
2021-05-27 22:44:50,BUY,0.33281,9879.226991655729,3.24,152
2021-05-27 22:45:19,SELL,0.33318,9890.210177217798,-4.46,436
2021-05-27 22:45:38,BUY,0.33318,9890.210177217798,11.843333333333334,364
2021-05-27 22:46:24,SELL,0.33316,9889.61649151174,-4.46,436
2021-05-27 22:48:17,BUY,0.33212,9889.61649151174,42.765,2841
2021-05-27 22:48:20,SELL,0.33212,9889.61649151174,-4.46,436
2021-05-27 22:50:13,BUY,0.33109,9889.61649151174,11.843333333333334,364
2021-05-27 22:50:47,SELL,0.33109,9889.61649151174,-4.46,436
2021-05-27 22:53:32,BUY,0.33097,9889.61649151174,11.843333333333334,364
2021-05-27 22:54:06,SELL,0.331,9890.512912621647,-4.46,436
2021-05-27 22:55:05,BUY,0.33076,9890.512912621647,20.85,824
2021-05-27 22:55:10,SELL,0.33076,9890.512912621647,-4.46,436
2021-05-27 22:55:36,BUY,0.33076,9890.512912621647,20.85,824
2021-05-27 22:55:42,SELL,0.33076,9890.512912621647,-4.46,436
2021-05-27 22:56:25,BUY,0.33089,9890.512912621647,20.85,824
2021-05-27 22:56:32,SELL,0.33089,9890.512912621647,-4.46,436
2021-05-27 22:57:19,BUY,0.33141,9890.512912621647,20.85,824
2021-05-27 22:57:35,SELL,0.33141,9890.512912621647,-4.46,436
2021-05-27 22:58:45,BUY,0.33149,9890.512912621647,11.843333333333334,364
2021-05-27 22:59:18,SELL,0.33186,9901.55243048846,-4.46,436
2021-05-27 23:02:16,BUY,0.333,9901.55243048846,20.85,824
2021-05-27 23:02:45,SELL,0.333,9901.55243048846,-4.46,436
2021-05-27 23:03:01,BUY,0.33349,9901.55243048846,11.843333333333334,364
2021-05-27 23:03:46,SELL,0.33349,9901.55243048846,-4.46,436
2021-05-27 23:05:34,BUY,0.33342,9901.55243048846,20.85,824
2021-05-27 23:05:54,SELL,0.33342,9901.55243048846,-4.46,436
2021-05-27 23:06:15,BUY,0.33291,9901.55243048846,11.843333333333334,364
2021-05-27 23:06:26,SELL,0.33291,9901.55243048846,-4.46,436
2021-05-27 23:06:53,BUY,0.33291,9901.55243048846,11.843333333333334,364
2021-05-27 23:06:54,SELL,0.33291,9901.55243048846,-4.46,436
2021-05-27 23:10:08,BUY,0.33202,9901.55243048846,20.85,824
2021-05-27 23:10:46,SELL,0.33202,9901.55243048846,-4.46,436
2021-05-27 23:11:42,BUY,0.33263,9901.55243048846,20.85,824
2021-05-27 23:12:12,SELL,0.33244,9895.896611825705,-4.46,436
2021-05-27 23:12:31,BUY,0.33244,9895.896611825705,20.85,824
2021-05-27 23:13:49,SELL,0.33222,9889.347769163565,-4.46,436
2021-05-27 23:14:19,BUY,0.33201,9889.347769163565,20.85,824
2021-05-27 23:14:30,SELL,0.33201,9889.347769163565,-4.46,436
2021-05-27 23:16:28,BUY,0.33025,9889.347769163565,20.85,824
2021-05-27 23:17:14,SELL,0.33085,9907.314790091643,-4.46,436
2021-05-27 23:19:18,BUY,0.33041,9907.314790091643,11.843333333333334,364
2021-05-27 23:19:19,SELL,0.33041,9907.314790091643,-4.46,436
2021-05-27 23:22:35,BUY,0.33047,9907.314790091643,20.85,824
2021-05-27 23:23:03,SELL,0.33031,9902.51807521158,-4.46,436
2021-05-27 23:23:38,BUY,0.33031,9902.51807521158,20.85,824
2021-05-27 23:24:07,SELL,0.33017,9898.320949691524,-4.46,436
2021-05-27 23:26:08,BUY,0.33032,9898.320949691524,20.85,824
2021-05-27 23:26:40,SELL,0.33032,9898.320949691524,-4.46,436
2021-05-27 23:26:56,BUY,0.33032,9898.320949691524,11.843333333333334,364
2021-05-27 23:27:31,SELL,0.33066,9908.50934010959,-4.46,436
2021-05-27 23:33:18,BUY,0.3294,9908.50934010959,11.843333333333334,364
2021-05-27 23:35:46,SELL,0.33029,9935.28096522403,-4.46,436
2021-05-27 23:41:25,BUY,0.33175,9935.28096522403,20.85,824
2021-05-27 23:41:54,SELL,0.33175,9935.28096522403,-1.6027083333333338,1089
2021-05-27 23:42:49,BUY,0.33344,9935.28096522403,20.85,824
2021-05-27 23:43:19,SELL,0.33406,9953.754676231825,-4.46,436
2021-05-27 23:45:22,BUY,0.33363,9953.754676231825,20.85,824
2021-05-27 23:45:30,SELL,0.33363,9953.754676231825,-4.46,436
2021-05-27 23:51:23,BUY,0.33428,9953.754676231825,12.15,1205
2021-05-27 23:53:10,SELL,0.33375,9937.973026182755,-4.46,436
2021-05-27 23:53:33,BUY,0.33375,9937.973026182755,11.843333333333334,364
2021-05-27 23:53:47,SELL,0.33375,9937.973026182755,-4.46,436
2021-05-27 23:55:44,BUY,0.3329,9937.973026182755,20.85,824
2021-05-27 23:56:54,SELL,0.33248,9925.434880580482,-4.46,436
2021-05-27 23:57:55,BUY,0.33212,9925.434880580482,20.85,824
2021-05-27 23:59:49,SELL,0.33403,9982.51539552059,-4.46,436
2021-05-28 19:21:51,BUY,0.31549,9982.51539552059,1.17,107
2021-05-28 19:23:19,SELL,0.31547,9981.88256941545,-32.8,318
2021-05-28 19:25:15,BUY,0.3165,9981.88256941545,1.17,107
2021-05-28 19:25:42,SELL,0.3165,9981.88256941545,-19.75,780
2021-05-28 19:26:31,BUY,0.31716,9981.88256941545,1.17,107
2021-05-28 19:31:35,SELL,0.31518,9919.566616938964,-32.8,318
2021-05-28 19:31:49,BUY,0.31518,9919.566616938964,1.17,107
2021-05-28 19:35:07,SELL,0.31364,9871.098653901696,-32.8,318
2021-05-28 19:39:32,BUY,0.31363,9871.098653901696,1.17,107
2021-05-28 19:41:35,SELL,0.31373,9874.246024578577,-32.8,318
2021-05-28 19:46:57,BUY,0.31545,9874.246024578577,1.17,107
2021-05-28 19:48:27,SELL,0.31504,9861.412165424741,-32.8,318
2021-05-28 19:55:26,BUY,0.31652,9861.412165424741,1.17,107
2021-05-28 19:57:29,SELL,0.31576,9837.733809410198,-32.8,318
2021-05-28 20:02:24,BUY,0.31808,9837.733809410198,1.17,107
2021-05-28 20:03:31,SELL,0.31861,9854.125908627337,-32.8,318
2021-05-28 20:08:23,BUY,0.31817,9854.125908627337,1.17,107
2021-05-28 20:08:46,SELL,0.31817,9854.125908627337,-32.8,318
2021-05-28 20:11:00,BUY,0.3177,9854.125908627337,1.17,107
2021-05-28 20:16:41,SELL,0.31808,9865.912398540078,-32.8,318
2021-05-28 20:32:34,BUY,0.31824,9865.912398540078,7.4875,589
2021-05-28 20:33:17,SELL,0.31626,9804.529459408888,-32.8,318
2021-05-28 20:33:40,BUY,0.31626,9804.529459408888,1.17,107
2021-05-28 20:34:05,SELL,0.31563,9784.998524230785,-32.8,318
2021-05-28 20:34:18,BUY,0.31563,9784.998524230785,1.17,107
2021-05-28 20:37:00,SELL,0.31512,9769.187767181842,-32.8,318
2021-05-28 20:41:05,BUY,0.31427,9769.187767181842,1.17,107
2021-05-28 20:41:10,SELL,0.31427,9769.187767181842,-32.8,318
2021-05-28 20:42:23,BUY,0.3136,9769.187767181842,1.17,107
2021-05-28 20:42:57,SELL,0.3136,9769.187767181842,-32.8,318
2021-05-28 20:44:00,BUY,0.31382,9769.187767181842,198.4,2470
2021-05-28 20:44:02,SELL,0.31382,9769.187767181842,-32.8,318
2021-05-28 20:46:44,BUY,0.31268,9769.187767181842,198.4,2470
2021-05-28 20:51:06,SELL,0.3124,9760.439613878749,-4.46,436
2021-05-28 20:53:16,BUY,0.31262,9760.439613878749,1.17,107
2021-05-28 20:53:25,SELL,0.31262,9760.439613878749,-32.8,318
2021-05-28 20:55:23,BUY,0.31232,9760.439613878749,1.17,107
2021-05-28 20:57:37,SELL,0.31183,9745.126424166912,-32.8,318
2021-05-28 20:58:43,BUY,0.31204,9745.126424166912,20.85,824
2021-05-28 21:01:02,SELL,0.31078,9705.776150822308,-32.8,318
2021-05-28 21:01:39,BUY,0.31078,9705.776150822308,12.14,1204
2021-05-28 21:03:51,SELL,0.31009,9684.227191609785,-32.8,318
2021-05-28 21:05:25,BUY,0.31193,9684.227191609785,1.17,107
2021-05-28 21:11:30,SELL,0.31045,9638.278881913437,-32.8,318
2021-05-28 21:15:33,BUY,0.3119,9638.278881913437,1.17,107
2021-05-28 21:16:48,SELL,0.31083,9605.213930314694,-32.8,318
2021-05-28 21:27:39,BUY,0.3075,9605.213930314694,1.17,107
2021-05-28 21:31:16,SELL,0.30923,9659.253020068985,-32.8,318
2021-05-28 21:35:54,BUY,0.30722,9659.253020068985,1.17,107
2021-05-28 21:39:21,SELL,0.30856,9701.383737622831,-32.8,318
2021-05-28 21:39:41,BUY,0.30856,9701.383737622831,1.17,107
2021-05-28 21:42:29,SELL,0.30673,9643.847011411235,-32.8,318
2021-05-28 21:44:08,BUY,0.30504,9643.847011411235,7.4875,589
2021-05-28 21:50:10,SELL,0.30495,9641.001659224548,-32.8,318
2021-05-28 21:54:47,BUY,0.30531,9641.001659224548,1.17,107
2021-05-28 22:01:12,SELL,0.30714,9698.788934572165,-32.8,318
2021-05-28 22:01:29,BUY,0.30714,9698.788934572165,198.4,2470
2021-05-28 22:07:14,SELL,0.3073,9703.84137394682,-32.8,318
2021-05-28 22:19:43,BUY,0.30663,9703.84137394682,1.17,107
2021-05-28 22:47:51,SELL,0.30495,9650.67484259558,-32.8,318
2021-05-28 22:49:11,BUY,0.30575,9650.67484259558,11.843333333333334,364
2021-05-28 23:11:52,SELL,0.30782,9716.012199665645,-32.8,318
2021-05-28 23:14:25,BUY,0.30756,9716.012199665645,1.17,107
2021-05-28 23:17:43,SELL,0.30783,9724.541668042253,-32.8,318
2021-05-28 23:32:25,BUY,0.30773,9724.541668042253,1.17,107
2021-05-28 23:46:58,SELL,0.31101,9828.192584986258,-32.8,318
2021-05-29 17:55:57,BUY,0.28704,9828.192584986258,3.9,146
2021-05-29 18:07:45,SELL,0.28811,9864.829172451193,-12.90625,403
2021-05-29 18:27:06,BUY,0.2899,9864.829172451193,6.0,110
2021-05-29 18:27:39,SELL,0.2899,9864.829172451193,-12.90625,403
2021-05-29 18:58:46,BUY,0.29196,9864.829172451193,11.8,580
2021-05-29 19:11:55,SELL,0.29137,9844.894081302591,-12.90625,403
2021-05-29 19:12:00,BUY,0.29044,9844.894081302591,3.9,146
2021-05-29 19:19:27,SELL,0.28884,9790.659710933207,-12.90625,403
2021-05-29 19:22:03,BUY,0.28849,9790.659710933207,6.0,110
2021-05-29 19:23:00,SELL,0.28816,9779.460301232322,-12.90625,403
2021-05-29 19:23:23,BUY,0.28816,9779.460301232322,3.225,377
2021-05-29 19:23:36,SELL,0.28816,9779.460301232322,-12.90625,403
2021-05-29 19:25:32,BUY,0.28858,9779.460301232322,3.9,146
2021-05-29 19:34:06,SELL,0.29205,9897.052397861595,-12.90625,403
2021-05-29 19:47:36,BUY,0.29209,9897.052397861595,6.0,110
2021-05-29 19:52:16,SELL,0.29289,9924.159255057284,-12.90625,403
2021-05-29 20:06:22,BUY,0.29375,9924.159255057284,3.9,146
2021-05-29 20:06:34,SELL,0.29375,9924.159255057286,-32.8,318
2021-05-29 20:15:50,BUY,0.28953,9924.159255057286,3.9,146
2021-05-29 20:26:26,SELL,0.28861,9892.62460747447,-12.90625,403
2021-05-29 20:32:18,BUY,0.29367,9892.62460747447,6.0,110
2021-05-29 20:34:59,SELL,0.29322,9877.465820150726,-12.90625,403
2021-05-29 20:42:52,BUY,0.29425,9877.465820150726,6.0,110
2021-05-29 20:47:55,SELL,0.2939,9865.71692282854,-32.8,318
2021-05-29 20:49:33,BUY,0.29295,9865.71692282854,12.14,1204
2021-05-29 20:58:58,SELL,0.29359,9887.270289719172,-12.90625,403
2021-05-29 21:04:23,BUY,0.29473,9887.270289719172,7.56,242
2021-05-29 21:08:49,SELL,0.29464,9884.251071023842,-12.90625,403
2021-05-29 21:09:46,BUY,0.29525,9884.251071023842,3.9,146
2021-05-29 21:12:48,SELL,0.29462,9863.160205063654,-12.90625,403
2021-05-29 21:21:30,BUY,0.29734,9863.160205063654,3.9,146
2021-05-29 21:22:51,SELL,0.29701,9852.213669556588,-12.90625,403
2021-05-29 21:30:21,BUY,0.29487,9852.213669556588,3.9,146
2021-05-29 21:35:37,SELL,0.2958,9883.286883897443,-12.90625,403
2021-05-29 21:43:20,BUY,0.29639,9883.286883897443,6.0,110
2021-05-29 21:48:12,SELL,0.29904,9971.652585312228,-12.90625,403
2021-05-29 21:50:48,BUY,0.29951,9971.652585312228,7.875,200
2021-05-29 22:11:09,SELL,0.29594,9852.795786776069,-12.90625,403
2021-05-29 22:11:47,BUY,0.29594,9852.795786776069,6.0,110
2021-05-29 22:17:46,SELL,0.29488,9817.504972644883,-12.90625,403
2021-05-29 22:21:25,BUY,0.2957,9817.504972644883,3.9,146
2021-05-29 22:23:10,SELL,0.29593,9825.141178744674,-12.90625,403
2021-05-29 22:26:15,BUY,0.29664,9825.141178744674,6.0,110
2021-05-29 22:27:42,SELL,0.29565,9792.350962432116,-12.90625,403
2021-05-29 22:41:08,BUY,0.2973,9792.350962432116,6.0,110
2021-05-29 22:46:25,SELL,0.29772,9806.184757939081,-12.90625,403
2021-05-29 22:50:48,BUY,0.29644,9806.184757939081,6.0,110
2021-05-29 22:58:17,SELL,0.29723,9832.317823513133,-32.8,318
2021-05-29 23:01:54,BUY,0.29525,9832.317823513133,6.0,110
2021-05-29 23:06:15,SELL,0.29788,9919.901213439767,-12.90625,403
2021-05-29 23:22:47,BUY,0.30233,9919.901213439767,7.56,242
2021-05-29 23:38:07,SELL,0.30569,10030.147858090175,-12.90625,403
2021-05-29 23:41:13,BUY,0.3052,10030.147858090175,3.225,377
2021-05-30 16:52:52,SELL,0.30228,9934.184451322077,-106.75,2125
2021-05-30 17:01:38,BUY,0.30382,9934.184451322077,3.025,111
2021-05-30 17:41:57,SELL,0.30445,9954.783938532704,-106.75,2125
2021-05-30 18:00:46,BUY,0.30459,9954.783938532704,20.85,824
2021-05-30 18:03:54,SELL,0.30505,9969.81792064546,-106.75,2125
2021-05-30 18:23:35,BUY,0.30535,9969.81792064546,1.7727272727272727,140
2021-05-30 18:41:33,SELL,0.30715,10028.588748407576,-106.75,2125
2021-05-30 18:49:12,BUY,0.30774,10028.588748407576,3.9,146
2021-05-30 18:53:56,SELL,0.3077,10027.285233915029,-106.75,2125
2021-05-30 19:06:32,BUY,0.30825,10027.285233915029,3.225,377
2021-05-30 19:06:42,SELL,0.30825,10027.285233915029,-106.75,2125
2021-05-30 19:09:58,BUY,0.30768,10027.285233915029,3.025,111
2021-05-30 19:25:25,SELL,0.30782,10031.84783120035,-106.75,2125
2021-05-30 19:26:38,BUY,0.30757,10031.84783120035,3.025,111
2021-05-30 19:38:49,SELL,0.30584,9975.421337238076,-106.75,2125
2021-05-30 19:57:23,BUY,0.30629,9975.421337238076,3.025,111
2021-05-30 20:02:28,SELL,0.30395,9899.210929032986,-106.75,2125
2021-05-30 20:08:10,BUY,0.30451,9899.210929032986,185.2,3694
2021-05-30 21:15:42,SELL,0.3043,9892.384111210593,-106.75,2125
2021-05-30 21:17:21,BUY,0.30405,9892.384111210593,3.025,111
2021-05-30 21:53:28,SELL,0.30335,9869.609341015404,-106.75,2125
2021-05-30 22:03:35,BUY,0.30384,9869.609341015404,11.843333333333334,364
2021-05-30 22:23:40,SELL,0.30404,9876.10592430991,-106.75,2125
2021-05-30 22:36:22,BUY,0.30389,9876.10592430991,198.32000000000002,2469
2021-05-30 22:58:43,SELL,0.30404,9880.980766814258,-106.75,2125
2021-05-30 23:15:26,BUY,0.30392,9880.980766814258,185.2,3694
2021-05-30 23:35:52,SELL,0.30364,9871.877467871418,-106.75,2125
2021-05-30 23:46:39,BUY,0.30278,9871.877467871418,3.025,111
2021-05-30 23:56:33,SELL,0.30174,9837.969176152725,-106.75,2125
2021-05-30 23:57:25,BUY,0.30228,9837.969176152725,9.899999999999999,122
2021-05-31 22:49:16,SELL,0.32533,10588.151753598537,-106.85,2127
2021-05-31 22:49:54,BUY,0.32533,10588.151753598537,0.8233333333333333,237
2021-05-31 23:23:39,SELL,0.3262,10616.466670838356,-106.85,2127
2021-05-31 23:26:52,BUY,0.32696,10616.466670838356,39.346666666666664,898
2021-05-31 23:27:22,SELL,0.32726,10626.207740086129,-106.85,2127
2021-05-31 23:29:53,BUY,0.32677,10626.207740086129,39.346666666666664,898
2021-06-01 21:47:45,SELL,0.34255,11139.356309840266,-106.75,2125
2021-06-01 21:48:42,BUY,0.34406,11139.356309840266,135.0,3230
2021-06-01 23:04:47,SELL,0.37017,11984.69896301102,-106.75,2125
2021-06-01 23:06:27,BUY,0.36924,11984.69896301102,17.05142857142857,363
2021-06-02 21:37:11,SELL,0.42238,13709.503704898154,-0.8466666666666666,117
2021-06-02 21:37:36,BUY,0.42238,13709.503704898154,169.5,4058
2021-06-02 21:37:37,SELL,0.42238,13709.503704898154,-0.8466666666666666,117
2021-06-02 21:38:43,BUY,0.42316,13709.503704898154,11.520000000000001,134
2021-06-02 21:43:17,SELL,0.42394,13734.774082272717,-0.8466666666666666,117
2021-06-02 21:43:39,BUY,0.42394,13734.774082272717,11.520000000000001,134
2021-06-02 21:58:21,SELL,0.42979,13924.30191258195,-0.8466666666666666,117
2021-06-02 22:00:11,BUY,0.42988,13924.30191258195,169.5,4058
2021-06-02 22:02:29,SELL,0.43533,14100.833608458874,-0.8466666666666666,117
2021-06-02 22:03:11,BUY,0.43625,14100.833608458874,169.5,4058
2021-06-02 22:41:43,SELL,0.41853,13528.073100626458,-0.8466666666666666,117
2021-06-02 22:43:02,BUY,0.41772,13528.073100626458,4.62,144
2021-06-02 22:44:09,SELL,0.41969,13591.872545250211,-0.8466666666666666,117
2021-06-02 22:44:27,BUY,0.41969,13591.872545250211,169.5,4058
2021-06-03 21:03:40,SELL,0.40461,13103.499131582092,-18.32,448
2021-06-03 21:05:38,BUY,0.40621,13103.499131582092,191.58333333333331,4588
2021-06-03 21:05:46,SELL,0.40621,13103.499131582092,-18.32,448
2021-06-03 21:06:43,BUY,0.40656,13103.499131582092,5.819999999999999,184
2021-06-03 21:07:06,SELL,0.40793,13147.65446858098,-18.32,448
2021-06-03 21:08:39,BUY,0.40768,13147.65446858098,191.58333333333331,4588
2021-06-03 21:09:00,SELL,0.407,13125.724511166745,-18.32,448
2021-06-03 21:11:22,BUY,0.40551,13125.724511166745,191.58333333333331,4588
2021-06-03 21:11:25,SELL,0.40551,13125.724511166745,-18.32,448
2021-06-03 21:12:26,BUY,0.40484,13125.724511166745,191.58333333333331,4588
2021-06-03 21:12:45,SELL,0.40484,13125.724511166745,-18.32,448
2021-06-03 21:14:56,BUY,0.40483,13125.724511166745,191.58333333333331,4588
2021-06-03 21:15:54,SELL,0.40681,13189.921666842238,-18.32,448
2021-06-03 21:20:46,BUY,0.4075,13189.921666842238,191.58333333333331,4588
2021-06-03 21:21:01,SELL,0.408,13206.105619807688,-157.6,3142
2021-06-03 21:23:05,BUY,0.40715,13206.105619807688,23.57142857142857,540
2021-06-03 21:23:34,SELL,0.40715,13206.105619807688,-157.6,3142
2021-06-03 21:24:03,BUY,0.40705,13206.105619807688,191.58333333333331,4588
2021-06-03 21:24:04,SELL,0.40705,13206.105619807688,-18.32,448
2021-06-03 21:24:11,BUY,0.40705,13206.105619807688,191.58333333333331,4588
2021-06-03 21:24:43,SELL,0.40705,13206.105619807688,-18.32,448
2021-06-03 21:30:47,BUY,0.40315,13206.105619807688,191.58333333333331,4588
2021-06-03 21:30:51,SELL,0.40315,13206.105619807688,-18.32,448
2021-06-03 21:30:52,BUY,0.40315,13206.105619807688,191.58333333333331,4588
2021-06-03 21:31:13,SELL,0.40209,13171.382881479532,-18.32,448
2021-06-03 21:31:52,BUY,0.40209,13171.382881479532,191.58333333333331,4588
2021-06-03 21:33:20,SELL,0.40227,13177.279195535257,-157.6,3142
2021-06-03 21:34:50,BUY,0.40278,13177.279195535257,191.58333333333331,4588
2021-06-03 21:35:32,SELL,0.40023,13093.853846837168,-18.32,448
2021-06-03 21:35:46,BUY,0.40023,13093.853846837168,191.58333333333331,4588
2021-06-03 21:35:55,SELL,0.40023,13093.853846837168,-157.6,3142
2021-06-03 21:37:31,BUY,0.39938,13093.853846837168,5.8966666666666665,112
2021-06-03 21:39:03,SELL,0.40205,13181.391003858187,-18.32,448
2021-06-03 21:39:30,BUY,0.40205,13181.391003858187,191.58333333333331,4588
2021-06-03 21:39:43,SELL,0.40205,13181.391003858187,-157.6,3142
2021-06-03 21:40:29,BUY,0.40184,13181.391003858187,5.8966666666666665,112
2021-06-03 21:41:13,SELL,0.40177,13179.09482286508,-157.6,3142
2021-06-03 21:42:16,BUY,0.40253,13179.09482286508,191.58333333333331,4588
2021-06-03 21:42:31,SELL,0.40253,13179.09482286508,-18.32,448
2021-06-03 21:42:37,BUY,0.40253,13179.09482286508,191.58333333333331,4588
2021-06-03 21:43:04,SELL,0.40177,13154.21192701787,-18.32,448
2021-06-03 21:44:47,BUY,0.40118,13154.21192701787,191.58333333333331,4588
2021-06-03 21:45:01,SELL,0.40035,13126.997220653084,-157.6,3142
2021-06-03 21:45:28,BUY,0.40035,13126.997220653084,191.58333333333331,4588
2021-06-03 21:46:59,SELL,0.40021,13122.406788254204,-18.32,448
2021-06-03 21:47:40,BUY,0.40061,13122.406788254204,5.8966666666666665,112
2021-06-03 21:48:12,SELL,0.40015,13107.338998826588,-157.6,3142
2021-06-03 21:48:27,BUY,0.40015,13107.338998826588,5.819999999999999,184
2021-06-03 21:48:40,SELL,0.40015,13107.338998826588,-157.6,3142
2021-06-03 21:50:20,BUY,0.3986,13107.338998826588,191.58333333333331,4588
2021-06-03 21:50:50,SELL,0.3986,13107.338998826588,-18.32,448
2021-06-03 21:51:05,BUY,0.39611,13107.338998826588,5.8966666666666665,112
2021-06-03 21:51:23,SELL,0.39611,13107.338998826588,-157.6,3142
2021-06-03 21:51:26,BUY,0.39611,13107.338998826588,191.58333333333331,4588
2021-06-03 21:52:06,SELL,0.3971,13140.098246532625,-18.32,448
2021-06-03 21:58:03,BUY,0.40017,13140.098246532625,191.58333333333331,4588
2021-06-03 21:58:24,SELL,0.40017,13140.098246532625,-18.32,448
2021-06-03 21:58:44,BUY,0.40017,13140.098246532625,23.57142857142857,540
2021-06-03 21:59:44,SELL,0.39988,13130.575722376654,-157.6,3142
2021-06-03 21:59:50,BUY,0.39988,13130.575722376654,23.57142857142857,540
2021-06-03 22:01:24,SELL,0.4009,13164.068738373513,-157.6,3142
2021-06-03 22:01:28,BUY,0.4009,13164.068738373513,23.57142857142857,540
2021-06-03 22:02:01,SELL,0.40031,13144.695327159643,-157.6,3142
2021-06-03 22:02:06,BUY,0.40031,13144.695327159643,23.57142857142857,540
2021-06-03 22:02:59,SELL,0.40031,13144.695327159643,-157.6,3142
2021-06-03 22:03:12,BUY,0.40044,13144.695327159643,23.57142857142857,540
2021-06-03 22:03:41,SELL,0.40044,13144.695327159643,-157.6,3142
2021-06-03 22:03:47,BUY,0.40044,13144.695327159643,23.57142857142857,540
2021-06-03 22:04:20,SELL,0.4016,13182.773058104367,-157.6,3142
2021-06-03 22:04:30,BUY,0.4016,13182.773058104367,23.57142857142857,540
2021-06-03 22:04:42,SELL,0.4016,13182.773058104367,-18.32,448
2021-06-03 22:04:54,BUY,0.4016,13182.773058104367,191.58333333333331,4588
2021-06-03 22:06:51,SELL,0.40081,13156.840810305805,-18.32,448
2021-06-03 22:06:55,BUY,0.40081,13156.840810305805,23.57142857142857,540
2021-06-03 22:07:06,SELL,0.40014,13134.847638122214,-18.32,448
2021-06-03 22:07:48,BUY,0.40014,13134.847638122214,23.57142857142857,540
2021-06-03 22:09:15,SELL,0.40094,13161.108142222025,-157.6,3142
2021-06-03 22:09:22,BUY,0.40094,13161.108142222025,23.57142857142857,540
2021-06-03 22:09:43,SELL,0.40094,13161.108142222025,-18.32,448
2021-06-03 22:09:54,BUY,0.40094,13161.108142222025,23.57142857142857,540
2021-06-03 22:10:15,SELL,0.40034,13141.412764147166,-157.6,3142
2021-06-03 22:10:15,BUY,0.40034,13141.412764147166,191.58333333333331,4588
2021-06-03 22:10:58,SELL,0.40034,13141.412764147166,-157.6,3142
2021-06-03 22:10:59,BUY,0.40034,13141.412764147166,23.57142857142857,540
2021-06-03 22:11:35,SELL,0.40292,13226.102889869053,-157.6,3142
2021-06-03 22:11:43,BUY,0.40292,13226.102889869053,5.819999999999999,184
2021-06-03 22:13:24,SELL,0.40253,13213.300894120395,-18.32,448
2021-06-03 22:13:27,BUY,0.40253,13213.300894120395,191.58333333333331,4588
2021-06-03 22:13:34,SELL,0.40253,13213.300894120395,-157.6,3142
2021-06-03 22:14:09,BUY,0.40274,13213.300894120395,23.57142857142857,540
2021-06-03 22:14:33,SELL,0.40274,13213.300894120397,-18.32,448
2021-06-03 22:15:13,BUY,0.40355,13213.300894120397,23.57142857142857,540
2021-06-03 22:15:47,SELL,0.40355,13213.300894120397,-18.32,448
2021-06-03 22:15:47,BUY,0.40355,13213.300894120397,5.819999999999999,184
2021-06-03 22:16:25,SELL,0.40393,13225.743105345191,-18.32,448
2021-06-03 22:16:32,BUY,0.40393,13225.743105345191,23.57142857142857,540
2021-06-03 22:16:59,SELL,0.40393,13225.743105345191,-157.6,3142
2021-06-03 22:17:04,BUY,0.4031,13225.743105345191,191.58333333333331,4588
2021-06-03 22:17:23,SELL,0.4031,13225.743105345193,-157.6,3142
2021-06-03 22:17:26,BUY,0.4031,13225.743105345193,23.57142857142857,540
2021-06-03 22:17:50,SELL,0.4031,13225.743105345193,-18.32,448
2021-06-03 22:18:15,BUY,0.40306,13225.743105345193,23.57142857142857,540
2021-06-03 22:18:16,SELL,0.40306,13225.743105345193,-157.6,3142
2021-06-03 22:18:39,BUY,0.40306,13225.743105345193,23.57142857142857,540
2021-06-03 22:19:32,SELL,0.40301,13224.102438557948,-18.32,448
2021-06-03 22:19:34,BUY,0.40301,13224.102438557948,23.57142857142857,540
2021-06-03 22:19:44,SELL,0.40301,13224.102438557948,-18.32,448
2021-06-03 22:20:49,BUY,0.40234,13224.102438557948,5.819999999999999,184
2021-06-03 22:21:28,SELL,0.40148,13195.835977114493,-157.6,3142
2021-06-03 22:21:34,BUY,0.40148,13195.835977114493,23.57142857142857,540
2021-06-03 22:22:42,SELL,0.40136,13191.891819703778,-157.6,3142
2021-06-03 22:23:02,BUY,0.40065,13191.891819703778,23.57142857142857,540
2021-06-03 22:24:37,SELL,0.40137,13215.598701296656,-157.6,3142
2021-06-03 22:25:19,BUY,0.40089,13215.598701296656,23.57142857142857,540
2021-06-03 22:25:30,SELL,0.40089,13215.598701296656,-18.32,448
2021-06-03 22:26:44,BUY,0.40154,13215.598701296656,191.58333333333331,4588
2021-06-03 22:27:07,SELL,0.40078,13190.585365108516,-157.6,3142
2021-06-03 22:27:52,BUY,0.40078,13190.585365108516,5.8966666666666665,112
2021-06-03 22:28:03,SELL,0.40064,13185.977645284385,-157.6,3142
2021-06-03 22:28:05,BUY,0.40064,13185.977645284385,5.819999999999999,184
2021-06-03 22:28:21,SELL,0.40064,13185.977645284385,-157.6,3142
2021-06-03 22:28:43,BUY,0.40064,13185.977645284385,23.57142857142857,540
2021-06-03 22:28:46,SELL,0.40064,13185.977645284385,-157.6,3142
2021-06-03 22:28:59,BUY,0.40064,13185.977645284385,23.57142857142857,540
2021-06-03 22:29:30,SELL,0.40132,13208.357998715877,-18.32,448
2021-06-03 22:31:58,BUY,0.402,13208.357998715877,23.57142857142857,540
2021-06-03 22:32:09,SELL,0.40266,13230.043362594366,-18.32,448
2021-06-03 22:32:29,BUY,0.40266,13230.043362594366,23.57142857142857,540
2021-06-03 22:33:01,SELL,0.40249,13224.45773856506,-18.32,448
2021-06-03 22:34:08,BUY,0.40261,13224.45773856506,191.58333333333331,4588
2021-06-03 22:34:19,SELL,0.40261,13224.457738565057,-157.6,3142
2021-06-03 22:35:24,BUY,0.40126,13224.457738565057,23.57142857142857,540
2021-06-03 22:35:40,SELL,0.40126,13224.45773856506,-157.6,3142
2021-06-03 22:36:02,BUY,0.4018,13224.45773856506,191.58333333333331,4588
2021-06-03 22:36:38,SELL,0.4018,13224.45773856506,-157.6,3142
2021-06-03 22:37:43,BUY,0.40122,13224.45773856506,23.57142857142857,540
2021-06-03 22:37:51,SELL,0.40122,13224.45773856506,-18.32,448
2021-06-03 22:38:09,BUY,0.40134,13224.45773856506,23.57142857142857,540
2021-06-03 22:38:12,SELL,0.40134,13224.457738565057,-18.32,448
2021-06-03 22:38:59,BUY,0.40134,13224.457738565057,5.819999999999999,184
2021-06-03 22:39:25,SELL,0.40152,13230.388875239552,-157.6,3142
2021-06-03 22:39:30,BUY,0.40152,13230.388875239552,191.58333333333331,4588
2021-06-03 22:39:42,SELL,0.40152,13230.388875239552,-157.6,3142
2021-06-03 22:39:50,BUY,0.40152,13230.388875239552,23.57142857142857,540
2021-06-03 22:39:56,SELL,0.40152,13230.388875239552,-157.6,3142
2021-06-03 22:40:44,BUY,0.40222,13230.388875239552,23.57142857142857,540
2021-06-03 22:41:30,SELL,0.4019,13219.862982842164,-157.6,3142
2021-06-03 22:41:47,BUY,0.4019,13219.862982842164,191.58333333333331,4588
2021-06-03 22:42:27,SELL,0.40213,13227.428468002785,-157.6,3142
2021-06-03 22:43:14,BUY,0.40313,13227.428468002785,23.57142857142857,540
2021-06-03 22:43:35,SELL,0.40313,13227.428468002785,-157.6,3142
2021-06-03 22:45:47,BUY,0.40181,13227.428468002785,23.57142857142857,540
2021-06-03 22:47:03,SELL,0.40208,13236.31676268525,-157.6,3142
2021-06-03 22:48:32,BUY,0.40204,13236.31676268525,23.57142857142857,540
2021-06-03 22:48:43,SELL,0.40204,13236.31676268525,-18.32,448
2021-06-03 22:50:36,BUY,0.40212,13236.31676268525,191.58333333333331,4588
2021-06-03 22:51:41,SELL,0.40148,13215.250308074392,-157.6,3142
2021-06-03 22:52:07,BUY,0.40105,13215.250308074392,23.57142857142857,540
2021-06-03 22:52:20,SELL,0.40105,13215.250308074392,-157.6,3142
2021-06-03 22:52:45,BUY,0.40105,13215.250308074392,23.57142857142857,540
2021-06-03 22:52:50,SELL,0.40105,13215.250308074392,-157.6,3142
2021-06-03 22:54:01,BUY,0.40012,13215.250308074392,23.57142857142857,540
2021-06-03 22:54:58,SELL,0.40012,13215.250308074392,-157.6,3142
2021-06-03 22:55:01,BUY,0.39835,13215.250308074392,191.58333333333331,4588
2021-06-03 22:55:14,SELL,0.39835,13215.25030807439,-157.6,3142
2021-06-03 22:55:48,BUY,0.39835,13215.25030807439,23.57142857142857,540
2021-06-03 22:55:59,SELL,0.39835,13215.25030807439,-157.6,3142
2021-06-03 22:56:45,BUY,0.39857,13215.25030807439,191.58333333333331,4588
2021-06-03 22:57:18,SELL,0.39726,13171.815082383602,-157.6,3142
2021-06-03 22:57:58,BUY,0.39726,13171.815082383602,12.64,148
2021-06-03 22:57:59,SELL,0.39726,13171.815082383602,-157.6,3142
2021-06-03 22:59:08,BUY,0.39697,13171.815082383602,23.57142857142857,540
2021-06-03 23:00:18,SELL,0.39722,13180.110303107072,-157.6,3142
2021-06-03 23:01:07,BUY,0.39537,13180.110303107072,23.57142857142857,540
2021-06-03 23:01:37,SELL,0.39537,13180.110303107072,-157.6,3142
2021-06-03 23:03:00,BUY,0.39666,13180.110303107072,23.57142857142857,540
2021-06-03 23:04:14,SELL,0.39778,13217.325357661299,-18.32,448
2021-06-03 23:05:10,BUY,0.3997,13217.325357661299,23.57142857142857,540
2021-06-03 23:05:30,SELL,0.3997,13217.325357661297,-157.6,3142
2021-06-03 23:06:34,BUY,0.3995,13217.325357661297,198.4,2470
2021-06-03 23:06:38,SELL,0.3995,13217.325357661299,-157.6,3142
2021-06-03 23:07:24,BUY,0.39863,13217.325357661299,23.57142857142857,540
2021-06-03 23:07:36,SELL,0.39863,13217.325357661299,-157.6,3142
2021-06-03 23:07:43,BUY,0.39863,13217.325357661299,198.4,2470
2021-06-03 23:11:07,SELL,0.39682,13157.31141265624,-157.6,3142
2021-06-03 23:12:50,BUY,0.39621,13157.31141265624,191.58333333333331,4588
2021-06-03 23:13:17,SELL,0.39657,13169.266265155056,-157.6,3142
2021-06-03 23:13:28,BUY,0.39657,13169.266265155056,23.57142857142857,540
2021-06-03 23:13:37,SELL,0.39657,13169.266265155056,-18.32,448
2021-06-03 23:14:06,BUY,0.39479,13169.266265155056,191.58333333333331,4588
2021-06-03 23:14:10,SELL,0.39479,13169.266265155056,-157.6,3142
2021-06-03 23:14:15,BUY,0.39479,13169.266265155056,5.819999999999999,184
2021-06-03 23:14:17,SELL,0.39479,13169.266265155056,-18.32,448
2021-06-03 23:17:02,BUY,0.3948,13169.266265155056,191.58333333333331,4588
2021-06-03 23:19:09,SELL,0.39482,13169.933401237386,-157.6,3142
2021-06-03 23:19:55,BUY,0.39482,13169.933401237386,23.57142857142857,540
2021-06-03 23:20:20,SELL,0.39521,13182.94255484278,-157.6,3142
2021-06-03 23:20:29,BUY,0.39521,13182.94255484278,191.58333333333331,4588
2021-06-03 23:20:30,SELL,0.39521,13182.94255484278,-157.6,3142
2021-06-03 23:22:47,BUY,0.39514,13182.94255484278,191.58333333333331,4588
2021-06-03 23:23:56,SELL,0.39382,13138.903773215023,-157.6,3142
2021-06-03 23:24:15,BUY,0.39253,13138.903773215023,191.58333333333331,4588
2021-06-03 23:24:16,SELL,0.39253,13138.903773215021,-157.6,3142
2021-06-03 23:24:43,BUY,0.39253,13138.903773215021,23.57142857142857,540
2021-06-03 23:27:28,SELL,0.39216,13126.519001615172,-18.32,448
2021-06-03 23:30:36,BUY,0.39386,13126.519001615172,191.58333333333331,4588
2021-06-03 23:31:35,SELL,0.39422,13138.517038584101,-157.6,3142
2021-06-03 23:32:39,BUY,0.39443,13138.517038584101,191.58333333333331,4588
2021-06-03 23:33:22,SELL,0.39527,13166.497553028768,-157.6,3142
2021-06-03 23:34:06,BUY,0.39484,13166.497553028768,191.58333333333331,4588
2021-06-03 23:34:24,SELL,0.39484,13166.497553028768,-157.6,3142
2021-06-03 23:35:29,BUY,0.39658,13166.497553028768,23.57142857142857,540
2021-06-03 23:36:11,SELL,0.39682,13174.465578175592,-157.6,3142
2021-06-03 23:36:47,BUY,0.39682,13174.465578175592,191.58333333333331,4588
2021-06-03 23:37:00,SELL,0.39718,13186.417615895825,-18.32,448
2021-06-03 23:37:12,BUY,0.39718,13186.417615895825,191.58333333333331,4588
2021-06-03 23:37:22,SELL,0.39718,13186.417615895825,-157.6,3142
2021-06-03 23:37:53,BUY,0.39718,13186.417615895825,23.57142857142857,540
2021-06-03 23:39:04,SELL,0.39707,13182.765604370197,-157.6,3142
2021-06-03 23:39:59,BUY,0.39707,13182.765604370197,191.58333333333331,4588
2021-06-03 23:40:37,SELL,0.39772,13204.345672476176,-157.6,3142
2021-06-03 23:40:47,BUY,0.39772,13204.345672476176,23.57142857142857,540
2021-06-03 23:41:28,SELL,0.39785,13208.661686097372,-157.6,3142
2021-06-03 23:41:32,BUY,0.39785,13208.661686097372,5.8966666666666665,112
2021-06-03 23:42:03,SELL,0.39937,13259.125845360582,-157.6,3142
2021-06-03 23:42:28,BUY,0.39937,13259.125845360582,191.58333333333331,4588
2021-06-03 23:42:30,SELL,0.39937,13259.125845360582,-18.32,448
2021-06-03 23:44:43,BUY,0.3977,13259.125845360582,191.58333333333331,4588
2021-06-03 23:44:45,SELL,0.3977,13259.125845360584,-157.6,3142
2021-06-03 23:45:26,BUY,0.39839,13259.125845360584,23.57142857142857,540
2021-06-03 23:49:10,SELL,0.39653,13197.221746180456,-157.6,3142
2021-06-03 23:54:18,BUY,0.39721,13197.221746180456,23.57142857142857,540
2021-06-03 23:54:25,SELL,0.39721,13197.221746180456,-157.6,3142
2021-06-03 23:55:01,BUY,0.39808,13197.221746180456,191.58333333333331,4588
2021-06-03 23:55:05,SELL,0.39808,13197.221746180456,-157.6,3142
2021-06-03 23:59:18,BUY,0.40078,13197.221746180456,5.819999999999999,184
2021-06-03 23:59:29,SELL,0.40078,13197.221746180458,-157.6,3142
2021-06-03 23:59:30,BUY,0.40078,13197.221746180458,23.57142857142857,540
2021-06-04 19:11:47,SELL,0.388,12776.391131089418,-12.1,111
2021-06-04 19:12:01,BUY,0.38782,12776.391131089418,15.510000000000002,272
2021-06-04 20:34:20,SELL,0.38841,12795.828165712035,-154.45,3079
2021-06-04 20:35:04,BUY,0.3863,12795.828165712035,3.8777777777777778,339
2021-06-04 21:39:39,SELL,0.38465,12741.173450533612,-12.1,111
2021-06-04 21:50:58,BUY,0.38569,12741.173450533612,29.057142857142853,668
2021-06-04 21:57:37,SELL,0.38678,12777.18133007698,-18.56,454
2021-06-04 21:57:50,BUY,0.38678,12777.18133007698,15.510000000000002,272
2021-06-04 22:01:22,SELL,0.3878,12810.876776989122,-12.1,111
2021-06-04 22:02:06,BUY,0.38713,12810.876776989122,3.8777777777777778,339
2021-06-04 22:10:04,SELL,0.3835,12690.753090629321,-18.56,454
2021-06-04 22:10:24,BUY,0.3835,12690.753090629321,3.8777777777777778,339
2021-06-04 22:31:17,SELL,0.38243,12655.344731289104,-154.45,3079
2021-06-04 22:32:17,BUY,0.38311,12655.344731289104,3.8777777777777778,339
2021-06-04 22:46:03,SELL,0.38396,12683.422941259076,-18.56,454
2021-06-04 22:50:56,BUY,0.38403,12683.422941259076,3.8777777777777778,339
2021-06-04 23:42:51,SELL,0.37871,12507.718412843333,-154.45,3079
2021-06-04 23:43:58,BUY,0.38058,12507.718412843333,15.510000000000002,272
2021-06-06 17:30:20,SELL,0.37147,12208.319299014433,-12.0,110
2021-06-06 17:40:45,BUY,0.37085,12208.319299014433,6.545000000000001,177
2021-06-07 20:50:45,SELL,0.34307,11293.806395882113,-3.5937499999999996,240
2021-06-07 21:02:40,BUY,0.34677,11293.806395882113,3.1916666666666664,373
2021-06-09 18:25:52,SELL,0.33955,11058.661250170924,-38.38999999999999,688
2021-06-09 18:26:04,BUY,0.33986,11058.661250170924,21.6,422
2021-06-12 22:53:20,SELL,0.31328,10193.778015811062,-18.56,454
2021-06-12 22:55:57,BUY,0.31383,10193.778015811062,9.663333333333334,213
2021-06-13 20:16:34,SELL,0.3235,10507.877475432173,-18.6,455
2021-06-13 20:22:43,BUY,0.32269,10507.877475432173,16.856666666666666,379
2021-06-14 18:24:30,SELL,0.32696,10646.923113103298,-11.9,109
2021-06-14 18:25:02,BUY,0.32669,10646.923113103298,22.49,509
2021-06-15 19:36:04,SELL,0.32085,10456.595796746742,-1.49375,229
2021-06-15 19:41:22,BUY,0.32077,10456.595796746742,8.25,170
2021-06-15 19:41:23,SELL,0.32077,10456.595796746742,-1.49375,229
2021-06-15 19:58:09,BUY,0.31939,10456.595796746742,5.066666666666666,598
2021-06-15 19:58:09,SELL,0.31939,10456.595796746742,-1.49375,229
2021-06-15 20:03:16,BUY,0.31783,10456.595796746742,4.920000000000001,236
2021-06-15 20:06:35,SELL,0.31879,10488.179762907512,-1.49375,229
2021-06-15 20:08:50,BUY,0.3184,10488.179762907512,17.593333333333334,396
2021-06-15 20:10:43,SELL,0.31855,10493.12080236868,-1.49375,229
2021-06-15 20:13:22,BUY,0.31802,10493.12080236868,4.920000000000001,236
2021-06-15 20:13:50,SELL,0.31802,10493.120802368678,-1.49375,229
2021-06-15 20:20:54,BUY,0.31823,10493.120802368678,8.25,170
2021-06-15 20:21:02,SELL,0.3187,10508.618294048007,-1.49375,229
2021-06-15 20:24:37,BUY,0.31942,10508.618294048007,8.25,170
2021-06-15 20:25:11,SELL,0.31963,10515.527097008844,-1.49375,229
2021-06-15 20:34:51,BUY,0.32,10515.527097008844,17.593333333333334,396
2021-06-15 20:35:33,SELL,0.31956,10501.068247250456,-1.49375,229
2021-06-15 20:36:36,BUY,0.3198,10501.068247250456,17.593333333333334,396
2021-06-15 20:37:29,SELL,0.31965,10496.142793100715,-1.49375,229
2021-06-15 20:37:46,BUY,0.31965,10496.142793100715,8.25,170
2021-06-15 20:39:36,SELL,0.32018,10513.546064429805,-1.49375,229
2021-06-15 20:40:05,BUY,0.31964,10513.546064429805,4.920000000000001,236
2021-06-15 20:42:34,SELL,0.31957,10511.243635996225,-1.49375,229
2021-06-15 20:42:36,BUY,0.31957,10511.243635996225,8.25,170
2021-06-15 20:43:31,SELL,0.31969,10515.190656168079,-1.49375,229
2021-06-15 20:49:09,BUY,0.31914,10515.190656168079,17.593333333333334,396
2021-06-15 20:49:17,SELL,0.31914,10515.19065616808,-1.49375,229
2021-06-15 20:52:56,BUY,0.31896,10515.19065616808,8.25,170
2021-06-15 20:53:27,SELL,0.31929,10526.069803761935,-1.49375,229
2021-06-15 21:01:17,BUY,0.31924,10526.069803761935,8.25,170
2021-06-15 21:02:23,SELL,0.31882,10512.221447297894,-1.49375,229
2021-06-15 21:04:02,BUY,0.31947,10512.221447297894,4.920000000000001,236
2021-06-15 21:12:34,SELL,0.3193,10506.627564786108,-1.49375,229
2021-06-15 21:13:26,BUY,0.31938,10506.627564786108,4.920000000000001,236
2021-06-15 21:13:36,SELL,0.31938,10506.627564786108,-1.49375,229
2021-06-15 21:26:58,BUY,0.32064,10506.627564786108,4.920000000000001,236
2021-06-15 21:28:15,SELL,0.32064,10506.627564786108,-1.49375,229
2021-06-15 21:30:19,BUY,0.32091,10506.627564786108,4.920000000000001,236
2021-06-15 21:31:03,SELL,0.32121,10516.44959672477,-1.49375,229
2021-06-15 21:41:09,BUY,0.32116,10516.44959672477,17.593333333333334,396
2021-06-15 21:51:04,SELL,0.32087,10506.953487673049,-1.49375,229
2021-06-15 21:52:17,BUY,0.32074,10506.953487673049,15.99,359
2021-06-15 21:52:35,SELL,0.32074,10506.953487673049,-1.49375,229
2021-06-15 21:52:36,BUY,0.32074,10506.953487673049,15.99,359
2021-06-15 21:53:20,SELL,0.32078,10508.263826700007,-1.49375,229
2021-06-15 21:53:24,BUY,0.32078,10508.263826700007,15.99,359
2021-06-15 21:54:09,SELL,0.32083,10509.901750483707,-1.49375,229
2021-06-15 21:54:13,BUY,0.32083,10509.901750483707,15.99,359
2021-06-15 21:56:52,SELL,0.32111,10519.07412367242,-1.49375,229
2021-06-15 21:57:05,BUY,0.32119,10519.07412367242,15.99,359
2021-06-15 21:57:12,SELL,0.32119,10519.07412367242,-1.49375,229
2021-06-15 21:57:36,BUY,0.32119,10519.07412367242,15.99,359
2021-06-15 22:09:19,SELL,0.3213,10522.676658476132,-1.49375,229
2021-06-15 22:09:55,BUY,0.3213,10522.676658476132,15.99,359
2021-06-15 22:13:29,SELL,0.32123,10520.384136328317,-1.49375,229
2021-06-15 22:14:02,BUY,0.32147,10520.384136328317,15.99,359
2021-06-15 22:23:13,SELL,0.32189,10534.129000039575,-1.49375,229
2021-06-15 22:24:36,BUY,0.32153,10534.129000039575,15.99,359
2021-06-15 22:25:41,SELL,0.32159,10536.094750482776,-1.49375,229
2021-06-15 22:25:45,BUY,0.32159,10536.094750482776,15.99,359
2021-06-15 22:33:05,SELL,0.3213,10526.59362334064,-1.49375,229
2021-06-15 22:33:06,BUY,0.3213,10526.59362334064,15.99,359
2021-06-15 22:36:15,SELL,0.32093,10514.471495607568,-1.49375,229
2021-06-15 22:38:21,BUY,0.32099,10514.471495607568,15.99,359
2021-06-15 22:46:43,SELL,0.32135,10526.263793618156,-1.49375,229
2021-06-15 22:47:10,BUY,0.32141,10526.263793618156,15.99,359
2021-06-15 22:47:30,SELL,0.32141,10526.263793618156,-1.49375,229
2021-06-15 22:48:18,BUY,0.32149,10526.263793618156,15.99,359
2021-06-15 23:03:49,SELL,0.32115,10515.131473204363,-1.49375,229
2021-06-15 23:05:20,BUY,0.32054,10515.131473204363,15.99,359
2021-06-15 23:09:35,SELL,0.32064,10518.411916042449,-1.49375,229
2021-06-15 23:12:32,BUY,0.32053,10518.411916042449,17.593333333333334,396
2021-06-15 23:21:01,SELL,0.32045,10515.786661141869,-1.49375,229
2021-06-15 23:25:18,BUY,0.3207,10515.786661141869,8.25,170
2021-06-15 23:26:00,SELL,0.3209,10522.344682134162,-1.49375,229
2021-06-15 23:26:57,BUY,0.3209,10522.344682134162,15.99,359
2021-06-15 23:28:38,SELL,0.32067,10514.802957993024,-1.49375,229
2021-06-15 23:29:37,BUY,0.32073,10514.802957993024,8.25,170
2021-06-15 23:40:29,SELL,0.32085,10518.737034490263,-1.49375,229
2021-06-15 23:40:34,BUY,0.32085,10518.737034490263,15.99,359
2021-06-15 23:50:09,SELL,0.32086,10519.064874198364,-1.49375,229
2021-06-15 23:54:12,BUY,0.32037,10519.064874198364,2.5,115
2021-06-16 18:34:47,SELL,0.31105,10213.05093835066,-13.9,129
2021-06-16 18:34:54,BUY,0.31105,10213.05093835066,24.64,298
2021-06-16 18:36:04,SELL,0.31014,10183.171895258236,-13.9,129
2021-06-16 18:36:17,BUY,0.31014,10183.171895258236,24.64,298
2021-06-16 18:36:54,SELL,0.31014,10183.171895258236,-13.9,129
2021-06-16 18:37:30,BUY,0.31008,10183.171895258236,24.64,298
2021-06-16 18:37:41,SELL,0.31008,10183.171895258236,-1.68125,259
2021-06-16 18:37:52,BUY,0.31008,10183.171895258236,24.64,298
2021-06-16 18:50:03,SELL,0.31141,10226.849715887409,-13.9,129
2021-06-16 18:50:56,BUY,0.31141,10226.849715887409,24.64,298
2021-06-16 18:51:51,SELL,0.31151,10230.133762551255,-13.9,129
2021-06-16 18:52:00,BUY,0.31126,10230.133762551255,24.64,298
2021-06-16 18:55:05,SELL,0.31217,10260.042590296298,-13.9,129
2021-06-16 18:56:31,BUY,0.3128,10260.042590296298,23.14,524
2021-06-16 18:58:55,SELL,0.31275,10258.402557912937,-13.9,129
2021-06-16 18:59:46,BUY,0.31273,10258.402557912937,24.64,298
2021-06-16 19:00:11,SELL,0.31285,10262.338887356706,-13.9,129
2021-06-16 19:00:44,BUY,0.31285,10262.338887356706,24.64,298
2021-06-16 19:06:01,SELL,0.31338,10279.724342400012,-13.9,129
2021-06-16 19:06:46,BUY,0.31338,10279.724342400012,24.64,298
2021-06-16 19:07:25,SELL,0.31339,10280.05236985366,-13.9,129
2021-06-16 19:07:34,BUY,0.31339,10280.05236985366,24.64,298
2021-06-16 19:14:14,SELL,0.31346,10282.348562029192,-1.68125,259
2021-06-16 19:14:41,BUY,0.31346,10282.348562029192,23.14,524
2021-06-16 19:32:23,SELL,0.31316,10272.507738419772,-13.9,129
2021-06-16 19:32:53,BUY,0.31316,10272.507738419772,23.14,524
2021-06-16 19:34:09,SELL,0.31318,10273.163793327067,-13.9,129
2021-06-16 19:36:22,BUY,0.31309,10273.163793327067,24.64,298
2021-06-16 19:36:59,SELL,0.31309,10273.163793327067,-13.9,129
2021-06-16 19:37:09,BUY,0.31315,10273.163793327067,23.14,524
2021-06-16 19:39:28,SELL,0.31339,10281.037206421106,-13.9,129
2021-06-16 19:39:55,BUY,0.31339,10281.037206421106,24.64,298
2021-06-16 19:40:16,SELL,0.31305,10269.883204537884,-13.9,129
2021-06-16 19:40:52,BUY,0.31305,10269.883204537884,24.64,298
2021-06-16 19:53:14,SELL,0.31151,10219.362137184464,-13.9,129
2021-06-16 19:57:31,BUY,0.31131,10219.362137184464,23.14,524
2021-06-16 20:01:47,SELL,0.31076,10201.30730702979,-13.9,129
2021-06-16 20:02:50,BUY,0.31095,10201.30730702979,24.64,298
2021-06-16 20:05:27,SELL,0.31107,10205.244135705923,-13.9,129
2021-06-16 20:11:51,BUY,0.31028,10205.244135705923,24.64,298
2021-06-16 20:23:55,SELL,0.31048,10211.822222682657,-13.9,129
2021-06-16 20:24:40,BUY,0.31039,10211.822222682657,24.64,298
2021-06-16 20:36:32,SELL,0.31001,10199.32023342843,-13.9,129
2021-06-16 20:37:36,BUY,0.31013,10199.32023342843,24.64,298
2021-06-16 20:45:17,SELL,0.31038,10207.54204382522,-13.9,129
2021-06-16 20:48:41,BUY,0.31082,10207.54204382522,20.675,817
2021-06-16 20:51:12,SELL,0.31052,10197.689838004657,-13.9,129
2021-06-16 20:54:01,BUY,0.31076,10197.689838004657,24.64,298
2021-06-16 20:58:21,SELL,0.31006,10174.719111763818,-13.9,129
2021-06-16 20:59:50,BUY,0.31,10174.719111763818,24.64,298
2021-06-16 21:00:14,SELL,0.30996,10173.406244781656,-13.9,129
2021-06-16 21:01:32,BUY,0.31037,10173.406244781656,24.64,298
2021-06-16 21:05:55,SELL,0.3097,10151.444772397072,-13.9,129
2021-06-16 21:09:56,BUY,0.30973,10151.444772397072,5.120000000000001,246
2021-06-16 21:13:23,SELL,0.3098,10153.739032346279,-13.9,129
2021-06-16 21:18:10,BUY,0.30995,10153.739032346279,24.64,298
2021-06-16 21:18:12,SELL,0.30995,10153.739032346279,-13.9,129
2021-06-16 21:19:45,BUY,0.30999,10153.739032346279,23.14,524
2021-06-16 21:23:16,SELL,0.30977,10146.532920577783,-13.9,129
2021-06-16 21:23:53,BUY,0.30977,10146.532920577783,23.14,524
2021-06-16 21:25:44,SELL,0.30968,10143.584965763399,-13.9,129
2021-06-16 21:25:51,BUY,0.30968,10143.584965763399,23.14,524
2021-06-16 21:47:28,SELL,0.31033,10164.875750533954,-13.9,129
2021-06-16 21:47:47,BUY,0.31033,10164.875750533954,21.666666666666668,490
2021-06-16 21:55:51,SELL,0.31114,10191.407343863419,-13.9,129
2021-06-16 21:57:09,BUY,0.31137,10191.407343863419,9.670833333333334,201
2021-06-16 22:03:34,SELL,0.31136,10191.08003528058,-13.9,129
2021-06-16 22:03:43,BUY,0.31136,10191.08003528058,21.666666666666668,490
2021-06-16 22:07:38,SELL,0.31116,10184.533863623796,-13.9,129
2021-06-16 22:07:44,BUY,0.31116,10184.533863623796,21.666666666666668,490
2021-06-16 22:25:58,SELL,0.31092,10176.678457635655,-13.9,129
2021-06-16 22:26:54,BUY,0.3104,10176.678457635655,23.14,524
2021-06-16 22:27:37,SELL,0.31011,10167.170607272528,-13.9,129
2021-06-16 22:27:37,BUY,0.31011,10167.170607272528,21.666666666666668,490
2021-06-16 22:36:19,SELL,0.3102,10170.121319454187,-13.9,129
2021-06-16 22:37:04,BUY,0.31007,10170.121319454187,21.666666666666668,490
2021-06-16 22:37:54,SELL,0.31007,10170.121319454187,-13.9,129
2021-06-16 22:38:35,BUY,0.31013,10170.121319454187,21.666666666666668,490
2021-06-16 23:07:56,SELL,0.30806,10102.239621033297,-13.9,129
2021-06-16 23:08:00,BUY,0.30839,10102.239621033297,21.666666666666668,490
2021-06-16 23:20:56,SELL,0.30743,10070.79194103008,-7.5,140
2021-06-16 23:25:40,BUY,0.30698,10070.79194103008,21.666666666666668,490
2021-06-16 23:31:40,SELL,0.30716,10076.697024584011,-13.9,129
2021-06-16 23:36:50,BUY,0.3068,10076.697024584011,24.64,298
2021-06-16 23:40:07,SELL,0.307,10083.265927468354,-1.68125,259
2021-06-16 23:40:10,BUY,0.307,10083.265927468354,21.666666666666668,490
2021-06-16 23:42:26,SELL,0.30676,10075.383244007142,-13.9,129
2021-06-16 23:42:31,BUY,0.30676,10075.383244007142,21.666666666666668,490
2021-06-16 23:50:22,SELL,0.30692,10080.638366314617,-13.9,129
2021-06-16 23:53:37,BUY,0.30725,10080.638366314617,24.64,298
2021-06-16 23:58:30,SELL,0.30767,10094.418246262061,-13.9,129
2021-06-16 23:58:43,BUY,0.30767,10094.418246262061,9.670833333333334,201
2021-06-17 20:45:32,SELL,0.30583,10034.049248397068,-14.8,138
2021-06-17 20:49:16,BUY,0.30606,10034.049248397068,2.420454545454545,132
2021-06-17 23:11:48,SELL,0.30706,10066.833830663281,-14.8,138
2021-06-17 23:12:22,BUY,0.30716,10066.833830663281,22.316666666666666,505
2021-06-21 21:06:34,SELL,0.20853,6834.34320454556,-1.0333333333333334,114
2021-06-21 21:11:00,BUY,0.20715,6834.34320454556,19.1,372
2021-06-22 20:01:00,SELL,0.18981,6262.257705309161,-7.5,140
2021-06-22 20:01:07,BUY,0.18981,6262.257705309161,22.3,436
2021-06-22 20:01:19,SELL,0.18981,6262.257705309161,-7.5,140
2021-06-22 20:04:00,BUY,0.19077,6262.257705309161,15.253333333333336,406
2021-06-22 20:04:05,SELL,0.19077,6262.25770530916,-7.5,140
2021-06-22 20:04:10,BUY,0.19077,6262.25770530916,22.3,436
2021-06-22 20:04:51,SELL,0.19077,6262.25770530916,-7.5,140
2021-06-22 20:52:21,BUY,0.19554,6262.25770530916,7.675,297
2021-06-22 20:57:46,SELL,0.19512,6248.807013705243,-7.5,140
2021-06-22 21:14:41,BUY,0.19144,6248.807013705243,22.3,436
2021-06-22 21:17:07,SELL,0.19164,6255.335228303765,-7.5,140
2021-06-22 21:28:44,BUY,0.19078,6255.335228303765,15.253333333333336,406
2021-06-22 21:32:12,SELL,0.19088,6258.614049578689,-7.5,140
2021-06-22 21:33:55,BUY,0.19054,6258.614049578689,7.675,297
2021-06-22 21:37:00,SELL,0.18796,6173.869511697336,-7.5,140
2021-06-22 21:44:09,BUY,0.18778,6173.869511697336,22.3,436
2021-06-22 22:02:40,SELL,0.1909,6276.449514234856,-7.5,140
2021-06-22 22:03:44,BUY,0.19108,6276.449514234856,22.3,436
2021-06-22 22:12:08,SELL,0.191,6273.821735497475,-7.5,140
2021-06-22 22:36:04,BUY,0.18828,6273.821735497475,15.253333333333336,406
2021-06-22 22:53:55,SELL,0.18869,6287.48365875833,-7.5,140
2021-06-22 23:18:41,BUY,0.18921,6287.48365875833,7.675,297
2021-06-22 23:23:25,SELL,0.18796,6245.945925163658,-7.5,140
2021-06-23 20:00:45,BUY,0.21706,6245.945925163658,44.8,886
2021-06-23 21:47:37,SELL,0.22795,6559.307903994545,-2.84375,263
2021-06-23 21:47:51,BUY,0.22795,6559.307903994545,13.3,256
2021-06-23 23:17:36,SELL,0.23125,6654.266079397844,-8.05,151
2021-06-23 23:17:56,BUY,0.23125,6654.266079397844,13.606666666666667,304
2021-06-24 20:27:18,SELL,0.2529,7277.249260452821,-8.65,163
2021-06-24 20:28:34,BUY,0.25292,7277.249260452821,23.59375,594
2021-06-26 16:05:34,SELL,0.23945,6889.677903745959,-11.9,228
2021-06-26 16:05:36,BUY,0.23945,6889.677903745959,17.48,427
2021-06-26 16:17:45,SELL,0.23598,6789.83583932333,-11.9,228
2021-06-26 16:19:38,BUY,0.23705,6789.83583932333,17.48,427
2021-06-26 16:22:40,SELL,0.23724,6795.27801949406,-11.9,228
2021-06-26 16:23:19,BUY,0.237,6795.27801949406,17.48,427
2021-06-26 16:23:49,SELL,0.237,6795.27801949406,-11.9,228
2021-06-26 16:25:23,BUY,0.23834,6795.27801949406,15.326666666666666,408
2021-06-26 17:00:48,SELL,0.23782,6780.452373064015,-11.9,228
2021-06-26 17:01:32,BUY,0.23777,6780.452373064015,17.48,427
2021-06-26 17:06:34,SELL,0.23889,6812.391249532163,-11.9,228
2021-06-26 17:07:13,BUY,0.23915,6812.391249532163,17.48,427
2021-06-26 17:17:33,SELL,0.23654,6738.043178608981,-11.9,228
2021-06-26 17:19:39,BUY,0.23618,6738.043178608981,17.48,427
2021-06-26 17:28:41,SELL,0.2367,6752.878399427326,-11.9,228
2021-06-26 17:31:04,BUY,0.23624,6752.878399427326,1.25,115
2021-06-26 17:32:59,SELL,0.23662,6763.74063186799,-11.9,228
2021-06-26 17:33:17,BUY,0.23733,6763.74063186799,17.48,427
2021-06-26 17:39:18,SELL,0.23703,6755.190839639614,-11.9,228
2021-06-26 17:39:25,BUY,0.23703,6755.190839639614,17.48,427
2021-06-26 18:54:14,SELL,0.23933,6820.739246723827,-11.9,228
2021-06-26 18:58:42,BUY,0.23924,6820.739246723827,6.327182539682541,133
2021-06-26 19:12:08,SELL,0.24029,6850.6747767734005,-11.9,228
2021-06-26 19:14:08,BUY,0.24063,6850.6747767734005,17.48,427
2021-06-26 19:49:44,SELL,0.23929,6812.525318265,-11.9,228
2021-06-26 19:51:27,BUY,0.23991,6812.525318265,0.6733333333333333,192
2021-06-26 20:18:58,SELL,0.23645,6714.274567561832,-11.9,228
2021-06-26 20:21:24,BUY,0.23715,6714.274567561832,1.25,115
2021-06-26 20:26:57,SELL,0.23792,6736.075079545903,-11.9,228
2021-06-26 20:28:37,BUY,0.23734,6736.075079545903,17.48,427
2021-06-26 20:56:25,SELL,0.23628,6705.990645466865,-11.9,228
2021-06-26 21:00:20,BUY,0.2357,6705.990645466865,0.6733333333333333,192
2021-06-26 21:04:01,SELL,0.2357,6705.990645466865,-11.9,228
2021-06-26 21:06:26,BUY,0.23581,6705.990645466865,17.48,427
2021-06-26 21:38:16,SELL,0.23758,6756.326099614173,-11.9,228
2021-06-26 21:39:02,BUY,0.2374,6756.326099614173,0.6733333333333333,192
2021-06-26 21:58:09,SELL,0.23813,6777.101660072128,-11.9,228
2021-06-26 21:58:58,BUY,0.23813,6777.101660072128,5.1083333333333325,603
2021-06-26 22:06:14,SELL,0.23892,6799.584800841694,-35.6,702
2021-06-26 22:07:03,BUY,0.2393,6799.584800841694,17.48,427
2021-06-26 22:11:50,SELL,0.23897,6790.208022804594,-11.9,228
2021-06-26 22:14:41,BUY,0.23966,6790.208022804594,17.48,427
2021-06-26 22:43:35,SELL,0.24119,6833.557010015188,-11.9,228
2021-06-26 22:50:13,BUY,0.24016,6833.557010015188,12.22,1212
2021-06-27 15:35:42,SELL,0.24262,6903.55430450485,-7.95,149
2021-06-27 15:49:48,BUY,0.24338,6903.55430450485,19.05,371
2021-06-27 15:53:08,SELL,0.24329,6901.001424697941,-7.95,149
2021-06-27 15:56:33,BUY,0.24588,6901.001424697941,17.48,427
2021-06-27 15:59:09,SELL,0.2475,6946.469223250123,-7.95,149
2021-06-27 16:53:36,BUY,0.24521,6946.469223250123,17.48,427
2021-06-27 17:08:19,SELL,0.24508,6942.786498242894,-7.95,149
2021-06-27 17:08:28,BUY,0.24508,6942.786498242894,4.18,199
2021-06-27 17:09:24,SELL,0.24562,6958.0839713498435,-7.95,149
2021-06-27 17:09:25,BUY,0.24562,6958.0839713498435,4.18,199
2021-06-27 17:14:40,SELL,0.24537,6951.001807874404,-7.95,149
2021-06-27 17:17:05,BUY,0.24466,6951.001807874404,4.18,199
2021-06-27 17:34:05,SELL,0.24512,6964.070804979049,-7.95,149
2021-06-27 17:40:16,BUY,0.24516,6964.070804979049,0.6733333333333333,192
2021-06-27 18:03:32,SELL,0.24483,6954.696749808372,-7.95,149
2021-06-27 18:04:16,BUY,0.24471,6954.696749808372,4.18,199
2021-06-27 18:10:45,SELL,0.2436,6923.15037494716,-7.95,149
2021-06-27 18:11:30,BUY,0.24381,6923.15037494716,4.18,199
2021-06-27 18:15:32,SELL,0.24361,6917.471239247273,-7.95,149
2021-06-27 18:16:33,BUY,0.24407,6917.471239247273,4.18,199
2021-06-27 18:22:47,SELL,0.24522,6950.064724416013,-7.95,149
2021-06-27 18:26:15,BUY,0.24468,6950.064724416013,4.18,199
2021-06-27 18:51:34,SELL,0.24408,6933.021897725438,-7.95,149
2021-06-27 18:53:15,BUY,0.24461,6933.021897725438,4.18,199
2021-06-27 19:07:09,SELL,0.24415,6919.98404124797,-7.95,149
2021-06-27 19:16:33,BUY,0.24396,6919.98404124797,4.18,199
2021-06-27 19:37:46,SELL,0.2431,6895.589934527716,-7.95,149
2021-06-27 19:43:29,BUY,0.24331,6895.589934527716,4.18,199
2021-06-27 19:53:18,SELL,0.24409,6917.695726106079,-7.95,149
2021-06-27 20:00:13,BUY,0.24314,6917.695726106079,4.18,199
2021-06-27 20:34:09,SELL,0.24313,6917.411211187674,-7.95,149
2021-06-27 20:34:58,BUY,0.24313,6917.411211187674,4.18,199
2021-06-27 20:35:01,SELL,0.24307,6915.704121677242,-11.9,228
2021-06-27 20:35:20,BUY,0.24307,6915.704121677242,4.18,199
2021-06-27 20:59:58,SELL,0.24205,6886.683599999903,-7.95,149
2021-06-27 21:00:54,BUY,0.24195,6886.683599999903,4.18,199
2021-06-27 21:38:25,SELL,0.24437,6955.564667625445,-7.95,149
2021-06-27 21:45:49,BUY,0.24376,6955.564667625445,19.05,371
2021-06-27 23:05:34,SELL,0.25189,7187.549984116234,-7.95,149
2021-06-27 23:37:49,BUY,0.25402,7187.549984116234,24.16,292
2021-06-28 18:14:33,SELL,0.2554,7226.597377935934,-8.3,156
2021-06-28 18:14:54,BUY,0.2554,7226.597377935934,168.29999999999998,2795
2021-06-28 19:46:27,SELL,0.25701,7272.152670725585,-6.2,114
2021-06-28 19:47:34,BUY,0.25735,7272.152670725585,168.29999999999998,2795
2021-06-28 19:57:54,SELL,0.25744,7274.69587546763,-8.3,156
2021-06-28 19:57:55,BUY,0.25744,7274.69587546763,168.29999999999998,2795
2021-06-28 20:24:46,SELL,0.25669,7253.502502617253,-8.3,156
2021-06-28 20:24:48,BUY,0.25669,7253.502502617253,168.29999999999998,2795
2021-06-28 20:26:51,SELL,0.25725,7269.326887678868,-12.0,230
2021-06-28 20:27:35,BUY,0.25836,7269.326887678868,168.29999999999998,2795
2021-06-28 20:34:11,SELL,0.25923,7293.805577848711,-8.3,156
2021-06-28 20:35:53,BUY,0.2593,7293.805577848711,168.29999999999998,2795
2021-06-28 21:34:27,SELL,0.25967,7304.213244889993,-8.3,156
2021-06-28 21:35:49,BUY,0.2595,7304.213244889993,168.29999999999998,2795
2021-06-28 23:01:18,SELL,0.25596,7204.571954381667,-31.6,306
2021-06-28 23:02:56,BUY,0.25578,7204.571954381667,10.4,230
2021-06-29 17:35:58,SELL,0.26901,7577.222227884167,-8.55,161
2021-06-29 17:35:58,BUY,0.26901,7577.222227884167,4.933333333333334,360
2021-06-29 18:32:12,SELL,0.26484,7459.765565714445,-12.05,231
2021-06-29 18:33:19,BUY,0.26536,7459.765565714445,4.933333333333334,360
2021-06-29 20:54:16,SELL,0.2658,7472.134788087502,-6.25,115
2021-06-29 20:54:36,BUY,0.2658,7472.134788087502,247.2,4110
2021-06-29 22:38:21,SELL,0.26347,7406.634133248361,-8.55,161
2021-06-29 22:40:33,BUY,0.26392,7406.634133248361,247.2,4110
2021-06-29 22:50:37,SELL,0.26518,7441.994693296456,-8.55,161
2021-06-29 22:56:59,BUY,0.26342,7441.994693296456,4.933333333333334,360
2021-06-30 22:07:18,SELL,0.2493,7043.084340744083,-8.5,160
2021-06-30 22:08:50,BUY,0.24897,7043.084340744083,5.825,689
2021-07-03 20:49:39,SELL,0.2476,7004.3285647597495,-16.171875,197
2021-07-03 20:50:02,BUY,0.24758,7004.3285647597495,13.55,261
2021-07-03 21:25:22,SELL,0.24755,7003.4798295753935,-16.171875,197
2021-07-03 21:28:52,BUY,0.24758,7003.4798295753935,7.503571428571429,181
2021-07-06 18:21:34,SELL,0.23212,6566.151296716375,-0.8318181818181817,112
2021-07-06 18:22:34,BUY,0.23224,6566.151296716375,385.62,6417
2021-07-06 19:41:42,SELL,0.23163,6548.904688505055,-0.8318181818181817,112
2021-07-06 19:44:46,BUY,0.23187,6548.904688505055,385.62,6417
2021-07-06 20:03:06,SELL,0.23243,6564.7212522069685,-0.8318181818181817,112
2021-07-06 20:12:26,BUY,0.23177,6564.7212522069685,385.62,6417
2021-07-06 20:15:44,SELL,0.23167,6561.8888229658205,-0.8318181818181817,112
2021-07-06 20:33:19,BUY,0.23168,6561.8888229658205,15.74041193181818,581
2021-07-06 20:40:15,SELL,0.23155,6558.206823885254,-0.8318181818181817,112
2021-07-06 21:08:01,BUY,0.2309,6558.206823885254,385.62,6417
2021-07-07 20:08:16,SELL,0.23094,6559.342935937898,-0.8386363636363636,113
2021-07-07 20:10:25,BUY,0.23065,6559.342935937898,8.333333333333332,115
2021-07-09 18:45:32,SELL,0.21904,6229.171804412908,-1.4000000000000004,130
2021-07-09 18:50:39,BUY,0.21886,6229.171804412908,2.359090909090909,163
2021-07-09 19:31:46,SELL,0.21881,6227.748709328285,-1.4000000000000004,130
2021-07-09 19:40:43,BUY,0.21851,6227.748709328285,2.359090909090909,163
2021-07-09 21:13:20,SELL,0.21995,6268.790117691439,-1.4000000000000004,130
2021-07-09 21:15:54,BUY,0.22033,6268.790117691439,429.12,7142
2021-07-09 21:33:14,SELL,0.22119,6293.258685300092,-1.4000000000000004,130
2021-07-09 21:34:25,BUY,0.22146,6293.258685300092,429.12,7142
2021-07-13 19:42:53,SELL,0.19939,5666.09251901917,-6.75,125
2021-07-13 19:43:12,BUY,0.19915,5666.09251901917,11.445,317
2021-07-14 18:22:09,SELL,0.19961,5679.1801542627,-9.45,116
2021-07-14 18:22:20,BUY,0.19961,5679.1801542627,24.4375,381
2021-07-14 18:30:40,SELL,0.19999,5689.991679029093,-9.45,116
2021-07-14 18:33:23,BUY,0.19992,5689.991679029093,28.64727272727273,1303
2021-07-14 18:35:54,SELL,0.20006,5693.976267039617,-9.45,116
2021-07-14 18:38:51,BUY,0.20035,5693.976267039617,28.64727272727273,1303
2021-07-14 18:53:06,SELL,0.19888,5652.198652302664,-9.45,116
2021-07-14 18:53:19,BUY,0.19888,5652.198652302664,7.936789772727272,288
2021-07-14 18:53:58,SELL,0.19888,5652.198652302664,-9.45,116
2021-07-14 18:54:31,BUY,0.19856,5652.198652302664,7.936789772727272,288
2021-07-14 18:57:35,SELL,0.1987,5656.183885034949,-9.45,116
2021-07-14 18:57:42,BUY,0.1987,5656.183885034949,7.936789772727272,288
2021-07-14 19:05:42,SELL,0.19835,5646.220803204238,-9.45,116
2021-07-14 19:11:12,BUY,0.19749,5646.220803204238,24.4375,381
2021-07-14 19:16:02,SELL,0.19736,5642.504115248309,-9.45,116
2021-07-14 19:16:04,BUY,0.19736,5642.504115248309,4.2625,145
2021-07-14 19:16:33,SELL,0.19736,5642.504115248309,-9.45,116
2021-07-14 19:16:35,BUY,0.19736,5642.504115248309,7.936789772727272,288
2021-07-14 19:16:53,SELL,0.19736,5642.504115248309,-9.45,116
2021-07-14 19:19:02,BUY,0.1973,5642.504115248309,7.936789772727272,288
2021-07-14 19:19:19,SELL,0.1973,5642.504115248309,-9.45,116
2021-07-14 19:22:09,BUY,0.19748,5642.504115248309,7.936789772727272,288
2021-07-14 19:22:15,SELL,0.19748,5642.504115248309,-9.45,116
2021-07-14 19:22:21,BUY,0.19748,5642.504115248309,496.67999999999995,8268
2021-07-14 19:24:49,SELL,0.1975,5643.075565938531,-9.45,116
2021-07-14 19:24:59,BUY,0.1975,5643.075565938531,4.2625,145
2021-07-14 19:26:37,SELL,0.19746,5641.932664558088,-9.45,116
2021-07-14 19:27:03,BUY,0.19728,5641.932664558088,7.936789772727272,288
2021-07-14 19:36:38,SELL,0.19732,5643.076608731761,-9.45,116
2021-07-14 19:38:32,BUY,0.19694,5643.076608731761,7.936789772727272,288
2021-07-14 19:43:09,SELL,0.19632,5625.31126143099,-9.45,116
2021-07-14 19:44:16,BUY,0.19671,5625.31126143099,4.2625,145
2021-07-14 19:49:32,SELL,0.19628,5613.014561505133,-9.45,116
2021-07-14 19:49:48,BUY,0.19628,5613.014561505133,496.67999999999995,8268
2021-07-14 19:53:13,SELL,0.19582,5599.859952282123,-9.45,116
2021-07-14 19:58:04,BUY,0.19505,5599.859952282123,12.240000000000002,1214
2021-07-14 20:05:47,SELL,0.19649,5641.202163670415,-9.45,116
2021-07-14 20:06:59,BUY,0.19645,5641.202163670415,496.67999999999995,8268
2021-07-14 20:27:42,SELL,0.19733,5666.4719926550415,-9.45,116
2021-07-14 20:28:09,BUY,0.19728,5666.4719926550415,496.67999999999995,8268
2021-07-14 20:44:11,SELL,0.19647,5643.206368597607,-9.45,116
2021-07-14 20:45:43,BUY,0.1967,5643.206368597607,7.936789772727272,288
2021-07-14 20:55:58,SELL,0.197,5651.813190715448,-9.45,116
2021-07-14 21:01:31,BUY,0.19756,5651.813190715448,4.2625,145
2021-07-14 21:04:13,SELL,0.19749,5649.810624794462,-9.45,116
2021-07-14 21:07:34,BUY,0.19751,5649.810624794462,4.2625,145
2021-07-14 21:09:10,SELL,0.19731,5644.089587252268,-9.45,116
2021-07-14 21:15:52,BUY,0.19763,5644.089587252268,4.2625,145
2021-07-14 21:23:29,SELL,0.19783,5649.80136136273,-9.45,116
2021-07-14 21:29:40,BUY,0.19826,5649.80136136273,496.67999999999995,8268
2021-07-14 21:35:12,SELL,0.19865,5660.915164101212,-9.45,116
2021-07-14 21:35:22,BUY,0.19865,5660.915164101212,24.4375,381
2021-07-14 21:37:52,SELL,0.19872,5662.9099492081195,-9.45,116
2021-07-14 21:37:59,BUY,0.19872,5662.9099492081195,24.4375,381
2021-07-14 21:43:44,SELL,0.1984,5653.790931576545,-9.45,116
2021-07-14 21:49:32,BUY,0.19818,5653.790931576545,24.4375,381
2021-07-14 21:49:37,SELL,0.19818,5653.790931576545,-9.45,116
2021-07-14 21:55:02,BUY,0.19805,5653.790931576545,24.4375,381
2021-07-14 22:02:51,SELL,0.19792,5650.079783780004,-9.45,116
2021-07-14 22:04:13,BUY,0.19784,5650.079783780004,7.936789772727272,288
2021-07-14 22:06:21,SELL,0.19793,5652.650078869673,-9.45,116
2021-07-14 22:07:07,BUY,0.1979,5652.650078869673,7.936789772727272,288
2021-07-14 22:09:48,SELL,0.19737,5637.511602155166,-9.45,116
2021-07-14 22:10:13,BUY,0.19746,5637.511602155166,24.4375,381
2021-07-14 22:12:19,SELL,0.19734,5634.085584773121,-9.45,116
2021-07-14 22:12:29,BUY,0.19734,5634.085584773121,496.67999999999995,8268
2021-07-14 22:13:25,SELL,0.19751,5638.939109397685,-9.45,116
2021-07-14 22:13:39,BUY,0.19751,5638.939109397685,7.936789772727272,288
2021-07-14 22:27:51,SELL,0.19761,5641.7941238827225,-9.45,116
2021-07-14 22:29:05,BUY,0.19747,5641.7941238827225,24.4375,381
2021-07-14 22:32:34,SELL,0.19749,5642.365531602769,-9.45,116
2021-07-14 22:33:26,BUY,0.1977,5642.365531602769,496.67999999999995,8268
2021-07-14 22:34:41,SELL,0.19785,5646.646537317187,-9.45,116
2021-07-14 22:34:55,BUY,0.19785,5646.646537317187,496.67999999999995,8268
2021-07-14 22:51:04,SELL,0.19905,5680.89458303253,-9.45,116
2021-07-14 22:52:47,BUY,0.19895,5680.89458303253,496.67999999999995,8268
2021-07-14 23:07:55,SELL,0.19798,5653.196831107214,-9.45,116
2021-07-14 23:09:08,BUY,0.19797,5653.196831107214,7.936789772727272,288
2021-07-14 23:27:25,SELL,0.19688,5622.070980999082,-9.45,116
2021-07-14 23:27:49,BUY,0.19688,5622.070980999082,7.936789772727272,288
2021-07-14 23:36:20,SELL,0.19668,5616.359815841627,-9.45,116
2021-07-14 23:38:16,BUY,0.19652,5616.359815841627,7.936789772727272,288
2021-07-14 23:41:04,SELL,0.1968,5624.361956837127,-9.45,116
2021-07-14 23:42:13,BUY,0.19669,5624.361956837127,7.936789772727272,288
2021-07-14 23:47:43,SELL,0.19653,5619.78674755809,-9.45,116
2021-07-14 23:48:51,BUY,0.1968,5619.78674755809,496.67999999999995,8268
2021-07-14 23:52:56,SELL,0.19693,5623.499005064098,-9.45,116
2021-07-14 23:54:58,BUY,0.19683,5623.499005064098,496.67999999999995,8268
2021-07-14 23:54:59,SELL,0.19683,5623.499005064098,-9.45,116
2021-07-14 23:56:33,BUY,0.19711,5623.499005064098,7.936789772727272,288
2021-07-19 18:07:51,SELL,0.1739,4961.323509617202,-3.4883333333333337,312
2021-07-19 18:08:12,BUY,0.17427,4961.323509617202,37.313565340909086,1391
2021-07-19 18:26:26,SELL,0.17369,4944.81138684462,-3.4883333333333337,312
2021-07-19 18:31:39,BUY,0.17359,4944.81138684462,547.38,9113
2021-07-19 21:35:20,SELL,0.17453,4971.587829632994,-3.4883333333333337,312
2021-07-19 21:35:49,BUY,0.17453,4971.587829632994,24.8,300
2021-07-22 18:11:24,SELL,0.19193,5467.236876992268,-0.37277777777777776,112
2021-07-22 18:13:50,BUY,0.19184,5467.236876992268,40.400000000000006,495
2021-07-22 19:03:50,SELL,0.19156,5459.257173460377,-0.37277777777777776,112
2021-07-22 19:10:18,BUY,0.1912,5459.257173460377,16.285714285714285,1130
2021-07-22 19:29:59,SELL,0.19139,5464.682167513502,-0.37277777777777776,112
2021-07-22 19:33:21,BUY,0.19094,5464.682167513502,12.64,622
2021-07-22 19:36:36,SELL,0.19133,5475.843925371102,-0.37277777777777776,112
2021-07-22 19:40:06,BUY,0.19186,5475.843925371102,16.285714285714285,1130
2021-07-22 19:51:39,SELL,0.19164,5469.5649424482335,-0.37277777777777776,112
2021-07-22 19:59:39,BUY,0.19171,5469.5649424482335,16.285714285714285,1130
2021-07-22 20:37:36,SELL,0.19133,5458.723386566275,-0.37277777777777776,112
2021-07-22 20:46:03,BUY,0.19158,5458.723386566275,12.64,622
2021-07-22 20:53:55,SELL,0.19124,5449.035705433419,-0.37277777777777776,112
2021-07-22 21:00:28,BUY,0.19076,5449.035705433419,12.50333333333333,353
2021-07-22 21:04:01,SELL,0.19125,5463.032494569833,-0.37277777777777776,112
2021-07-22 21:09:07,BUY,0.19112,5463.032494569833,16.285714285714285,1130
2021-07-22 21:15:39,SELL,0.19085,5455.314732046109,-0.37277777777777776,112
2021-07-22 21:19:01,BUY,0.1911,5455.314732046109,12.64,622
2021-07-22 21:25:20,SELL,0.19092,5450.176288028483,-0.37277777777777776,112
2021-07-22 21:27:08,BUY,0.1909,5450.176288028483,16.285714285714285,1130
2021-07-22 22:04:11,SELL,0.19039,5435.615838018559,-0.37277777777777776,112
2021-07-22 22:14:37,BUY,0.19012,5435.615838018559,16.285714285714285,1130
2021-07-22 23:25:23,SELL,0.19112,5464.206285304581,-0.37277777777777776,112
2021-07-22 23:28:53,BUY,0.19111,5464.206285304581,16.285714285714285,1130
2021-07-22 23:34:40,SELL,0.19145,5473.92754602879,-0.37277777777777776,112
2021-07-22 23:34:52,BUY,0.19145,5473.92754602879,16.285714285714285,1130
2021-07-23 16:40:13,SELL,0.18469,5280.646009276872,-0.43083333333333335,131
2021-07-23 16:40:28,BUY,0.18469,5280.646009276872,25.84285714285714,1799
2021-07-23 19:45:05,SELL,0.18675,5339.545412488255,-0.43083333333333335,131
2021-07-23 19:45:53,BUY,0.18675,5339.545412488255,5.25,290
2021-07-23 22:11:14,SELL,0.19049,5446.479280454553,-0.43083333333333335,131
2021-07-23 22:21:12,BUY,0.19061,5446.479280454553,24.45,805
2021-07-24 16:03:10,SELL,0.19525,5579.062376101734,-1.3,120
2021-07-24 16:28:19,BUY,0.19737,5579.062376101734,25.38,836
2021-07-24 16:57:47,SELL,0.20279,5732.269642041195,-0.44000000000000006,134
2021-07-24 17:26:04,BUY,0.20013,5732.269642041195,45.75639204545454,1708
2021-07-24 19:09:57,SELL,0.19863,5689.30554638806,-1.3,120
2021-07-24 20:44:47,BUY,0.1938,5689.30554638806,45.75639204545454,1708
2021-07-24 21:15:56,SELL,0.19438,5706.33236381275,-1.3,120
2021-07-24 22:11:29,BUY,0.19622,5706.33236381275,21.5625,680
2021-07-25 21:48:54,SELL,0.19477,5664.164481193606,-1.4000000000000001,130
2021-07-25 21:49:01,BUY,0.19485,5664.164481193606,64.85333333333334,2038
2021-07-25 22:57:38,SELL,0.19526,5676.082918131195,-1.4000000000000001,130
2021-07-25 22:57:40,BUY,0.19526,5676.082918131195,64.85333333333334,2038
2021-07-26 23:55:41,SELL,0.20519,5964.741646887944,-60.7,2418
2021-07-26 23:55:51,BUY,0.20519,5964.741646887944,14.181818181818182,822
2021-07-28 18:36:18,SELL,0.20538,5970.264824980973,-3.7483333333333335,336
2021-07-28 18:37:42,BUY,0.20566,5970.264824980973,143.3,1423
2021-07-28 18:40:18,SELL,0.20612,5983.618524385287,-3.7483333333333335,336
2021-07-28 18:41:03,BUY,0.20627,5983.618524385287,143.3,1423
2021-07-28 18:46:59,SELL,0.20733,6014.36771542542,-3.7483333333333335,336
2021-07-28 18:48:24,BUY,0.20761,6014.36771542542,143.3,1423
2021-07-28 18:57:47,SELL,0.20666,5986.846645488259,-3.7483333333333335,336
2021-07-28 18:59:44,BUY,0.20679,5986.846645488259,143.3,1423
2021-07-28 19:11:09,SELL,0.20675,5985.688592072622,-3.7483333333333335,336
2021-07-28 19:11:28,BUY,0.20675,5985.688592072622,143.3,1423
2021-07-28 22:08:41,SELL,0.20638,5974.976597977982,-3.7483333333333335,336
2021-07-28 22:09:23,BUY,0.20651,5974.976597977982,143.3,1423
2021-07-28 23:12:35,SELL,0.20464,5920.871681808214,-1.5300000000000002,143
2021-07-28 23:13:22,BUY,0.20482,5920.871681808214,143.3,1423
2021-07-29 21:09:12,SELL,0.20292,5865.947083646727,-0.8824999999999997,343
2021-07-29 21:25:52,BUY,0.2026,5865.947083646727,129.5625,3445
2021-07-29 21:26:07,SELL,0.20264,5867.10521732563,-0.8824999999999997,343
2021-07-29 21:33:34,BUY,0.20243,5867.10521732563,72.09,2393
2021-07-29 21:36:48,SELL,0.2022,5860.439040375648,-27.234375,1733
2021-07-29 21:50:06,BUY,0.20157,5860.439040375648,72.09,2393
2021-07-29 22:28:19,SELL,0.20283,5897.072235746355,-27.234375,1733
2021-07-29 22:28:51,BUY,0.20283,5897.072235746355,72.09,2393
2021-07-29 23:43:57,SELL,0.20543,5972.664543654161,-27.234375,1733
2021-07-29 23:43:58,BUY,0.20543,5972.664543654161,72.09,2393
2021-07-29 23:56:42,SELL,0.20478,5953.76646667721,-0.8824999999999997,343
2021-07-29 23:57:00,BUY,0.20449,5953.76646667721,72.09,2393
2021-07-30 18:14:38,SELL,0.20217,5886.219211541549,-0.9299999999999998,362
2021-07-30 18:14:42,BUY,0.20217,5886.219211541549,90.825,1028
2021-07-30 18:26:35,SELL,0.20239,5892.624554700965,-0.9299999999999998,362
2021-07-30 18:27:14,BUY,0.20239,5892.624554700965,90.825,1028
2021-07-30 19:00:46,SELL,0.20224,5888.257275274091,-0.9299999999999998,362
2021-07-30 19:02:30,BUY,0.20207,5888.257275274091,90.825,1028
2021-07-30 19:13:55,SELL,0.20199,5885.92610002778,-0.9299999999999998,362
2021-07-30 19:14:19,BUY,0.20198,5885.92610002778,90.825,1028
2021-07-30 19:15:16,SELL,0.20246,5899.913844002497,-0.9299999999999998,362
2021-07-30 19:17:46,BUY,0.20212,5899.913844002497,90.825,1028
2021-07-30 19:20:41,SELL,0.20226,5904.000465505369,-1.55,145
2021-07-30 19:21:05,BUY,0.20206,5904.000465505369,90.825,1028
2021-07-30 21:00:48,SELL,0.20531,5998.962365499888,-0.9299999999999998,362
2021-07-30 21:06:42,BUY,0.20545,5998.962365499888,90.825,1028
2021-07-30 21:27:23,SELL,0.20666,6034.293319319576,-0.9299999999999998,362
2021-07-30 21:30:55,BUY,0.20681,6034.293319319576,90.825,1028
2021-08-01 15:38:49,SELL,0.21131,6165.594126519122,-6.125,235
2021-08-01 15:46:31,BUY,0.21058,6165.594126519122,4.65625,139
2021-08-01 15:55:30,SELL,0.21044,6161.4950516890685,-6.125,235
2021-08-01 16:03:15,BUY,0.21007,6161.4950516890685,5.6,102
2021-08-01 16:14:40,SELL,0.20822,6107.233301578987,-6.125,235
2021-08-01 16:20:18,BUY,0.20677,6107.233301578987,4.65625,139
2021-08-01 16:27:32,SELL,0.20739,6125.545845211907,-6.125,235
2021-08-01 16:39:10,BUY,0.20783,6125.545845211907,5.6,102
2021-08-01 16:44:40,SELL,0.20817,6135.566947013245,-6.125,235
2021-08-01 16:57:42,BUY,0.20972,6135.566947013245,12.280000000000001,1218
2021-08-01 17:06:42,SELL,0.20956,6130.885988060727,-6.125,235
2021-08-01 17:17:14,BUY,0.208,6130.885988060727,4.65625,139
2021-08-01 17:25:18,SELL,0.20807,6132.949266999017,-6.125,235
2021-08-01 17:48:59,BUY,0.20899,6132.949266999017,5.6,102
2021-08-01 17:49:45,SELL,0.20915,6137.644572433343,-6.125,235
2021-08-01 17:50:00,BUY,0.2089,6137.644572433343,4.65625,139
2021-08-01 18:18:41,SELL,0.20905,6142.051689167976,-6.125,235
2021-08-01 18:34:26,BUY,0.20988,6142.051689167976,4.65625,139
2021-08-01 19:05:36,SELL,0.20914,6120.395894189967,-6.125,235
2021-08-01 19:08:11,BUY,0.20868,6120.395894189967,5.6,102
2021-08-01 19:15:10,SELL,0.2077,6091.6533794482275,-6.125,235
2021-08-01 19:32:17,BUY,0.21017,6091.6533794482275,5.6,102
2021-08-01 19:47:40,SELL,0.21057,6103.247143314523,-6.125,235
2021-08-01 19:54:51,BUY,0.21114,6103.247143314523,5.6,102
2021-08-01 20:13:34,SELL,0.21185,6123.7705186662015,-6.125,235
2021-08-01 20:35:35,BUY,0.21071,6123.7705186662015,4.65625,139
2021-08-01 20:45:59,SELL,0.21083,6127.258025012553,-6.125,235
2021-08-01 20:56:47,BUY,0.21112,6127.258025012553,5.6,102
2021-08-01 21:35:06,SELL,0.21093,6121.7437249710965,-6.125,235
2021-08-01 21:38:45,BUY,0.21097,6121.7437249710965,5.6,102
2021-08-01 21:41:48,SELL,0.2104,6105.20396138749,-6.125,235
2021-08-01 21:46:17,BUY,0.21036,6105.20396138749,4.65625,139
2021-08-01 22:06:32,SELL,0.21089,6120.5859641424595,-6.125,235
2021-08-01 22:23:53,BUY,0.20851,6120.5859641424595,10.401785714285715,223
2021-08-01 22:44:15,SELL,0.20732,6085.654798743536,-6.125,235
2021-08-01 23:06:17,BUY,0.20806,6085.654798743536,4.65625,139
2021-08-02 13:48:55,SELL,0.20462,5985.0364554402695,-6.45,248
2021-08-02 13:50:42,BUY,0.20472,5985.0364554402695,6.3,116
2021-08-02 20:36:53,SELL,0.20243,5918.087776840434,-1.57,147
2021-08-02 20:50:28,BUY,0.20231,5918.087776840434,9.336250000000001,452
2021-08-02 22:41:02,SELL,0.20478,5990.341628893204,-6.45,248
2021-08-02 22:44:54,BUY,0.20446,5990.341628893204,5.5625,168
2021-08-03 22:43:33,SELL,0.1969,5768.8460663654105,-6.45,248
2021-08-03 22:58:56,BUY,0.19666,5768.8460663654105,4.6,174
2021-08-04 20:00:02,SELL,0.20077,5889.409258335114,-6.475,249
2021-08-04 20:47:15,BUY,0.20101,5889.409258335114,5.78125,175
